,Date,Time,MMSI,Lon,Lat,COG,SOG,VesselName,VesselType,DimA,DimB,DimC,DimD,Destination
0,2024-02-24,09:32:13,215150000.0,126.47830180917813,36.38945142393352,161.1,0.05144,DING HENG 3,CHEMICAL_TANKER,251.0,41.0,29.0,16.0,NINGBO
1,2024-02-24,09:32:10,229178000.0,125.86192137212721,36.17462569236805,299.1,0.66872,MARCOS V,CONTAINER,192.0,37.0,19.0,13.0,ZHOUSHAN
2,2024-02-24,09:32:21,229650000.0,126.11516667,37.03752167,163.1,0.0,ANTARES,ETC,240.0,50.0,21.0,24.0,ZHOUSHAN CHINA
3,2024-02-24,09:32:22,235113772.0,126.16846667,37.07291333,193.1,0.0,ONISILOS,TANKER,147.0,36.0,23.0,9.0,CNJYG->CNZOS
4,2024-02-24,09:32:20,241058000.0,126.24276667,36.91633333,174.0,0.0,FORTUNA,ETC,248.0,44.0,15.0,30.0,
5,2024-02-24,09:32:07,249883000.0,126.36740436721591,35.93402611053196,138.6,0.05144,NAVIOS HELIOS,BULK,160.0,25.0,20.0,12.0,CN ZOS
6,2024-02-24,09:32:13,265012000.0,125.84824826072158,36.418521918513186,188.6,9.722159999999999,ZJE OCEAN 1,BULK,34.0,166.0,5.0,31.0,ZHOUSHAN CN
7,2024-02-24,09:32:21,311000130.0,126.13558827643301,37.00161882363334,152.2,0.10288,YM MATURITY,CONTAINER,249.0,43.0,16.0,29.0,CN NGB>CN XMN
8,2024-02-24,09:32:22,311001197.0,126.1819914736443,37.08151852222925,172.7,0.05144,CARLOS DRUMMOND DE A,TANKER,152.0,28.0,19.0,11.0,ZHOUSHAN-CHINA
9,2024-02-24,09:32:23,312045000.0,126.4583363535555,37.148082939640254,201.4,0.05144,XT BRIGHTNESS,CHEMICAL_TANKER,62.0,14.0,6.0,6.0,TAIZHOU
10,2024-02-24,09:32:03,312282000.0,125.75180754662651,35.6520162387432,218.8,5.401199999999999,EVER LEADER,CONTAINER,68.0,12.0,10.0,4.0,TWKHH>>CNSHA
11,2024-02-24,09:32:26,312338000.0,126.56154894108795,37.40633403725224,30.7,4.83536,CHANG JING 7,ETC,119.0,21.0,10.0,10.0,ZHOU SHAN
12,2024-02-24,09:32:23,312379000.0,126.46455211075796,37.149747369253085,72.1,0.05144,PERISTIL,BULK,60.0,15.0,8.0,4.0,CN JLN
13,2024-02-24,09:32:21,312433000.0,125.64906670354551,37.016459231542136,280.2,6.018479999999999,GJERTRUD MAERSK,CONTAINER,70.0,28.0,8.0,8.0,CNSGH>CNYAT
14,2024-02-24,09:32:21,312483000.0,126.730535,36.98918833,81.2,0.0,SUPER FORTE,CHEMICAL_TANKER,61.0,15.0,6.0,6.0,JING JIANG
15,2024-02-24,09:32:21,312575000.0,126.04798546387528,36.9956470709288,266.8,4.8868,JAG ALAIA,BULK,54.0,20.0,8.0,4.0,ZHOUSHAN
16,2024-02-24,09:32:14,312828000.0,125.67372303591618,36.464404143641204,224.0,4.989679999999999,HONGTAI58,CARGO,77.0,20.0,8.0,8.0,
17,2024-02-24,09:32:21,312922000.0,126.42427,37.01524333,0.0,0.0,XIN HAI ZHOU 28,BULK,76.0,15.0,10.0,6.0,DONGGUAN CN
18,2024-02-24,09:32:22,334037000.0,125.53986833,37.11031333,215.3,0.0,FODASEVEN,CARGO,60.0,9.0,5.0,7.0,JP SBS
19,2024-02-24,09:32:23,352001302.0,126.4916,37.15876333,11.6,0.0,MOUNT BROAD PEAK,BULK,68.0,12.0,10.0,3.0,XIUSHAN E ANCHORAGE
20,2024-02-24,09:32:16,352001491.0,125.93560410449261,36.58320476173469,11.0,6.1728,RUN ZE 11,PRODUCT_TANKER,112.0,22.0,15.0,5.0,MAZHI
21,2024-02-24,09:32:11,352001895.0,125.36415417550131,36.26619676027174,312.2,5.60696,MONONOK,ETC,76.0,20.0,12.0,4.0,CN NGB
22,2024-02-24,09:32:25,352002399.0,126.53687218307103,37.32990293223695,265.1,6.8929599999999995,JIAN XIANG,BULK,120.0,27.0,15.0,8.0,CN ZHOUSHAN
23,2024-02-24,09:32:23,352002815.0,126.441755,37.15097667,226.6,0.0,NISSOS DONOUSSA,TANKER,121.0,25.0,7.0,14.0,CN ZOS
24,2024-02-24,09:32:07,352003228.0,126.622395,35.97093833,91.6,0.0,OCEAN LORD,BULK,79.0,20.0,5.0,13.0,CN LYG
25,2024-02-24,09:32:23,352170000.0,126.14983726807739,37.15322638331841,214.9,6.635759999999999,COSCO PLANET,CONTAINER,229.0,44.0,20.0,26.0,CNTAO
26,2024-02-24,09:32:25,352549000.0,126.24102481368564,37.266345070748756,225.8,10.0308,ZHONG TAN HAI,BULK,30.0,166.0,6.0,22.0,TJ
27,2024-02-24,09:32:08,352604000.0,126.0593325911431,36.027645802251186,166.8,0.05144,HONG RUN 27,ETC,192.0,33.0,21.0,11.0,
28,2024-02-24,09:32:20,352986195.0,126.2355,36.91245,151.0,0.0,CIMARRON,PRODUCT_TANKER,194.0,31.0,21.0,11.0,ZOUSHAN
29,2024-02-24,09:32:22,353090000.0,126.2268176158531,37.07246115178657,227.9,0.46296,ZHONG GU YIN CHUAN,CONTAINER,196.0,33.0,16.0,16.0,NINGBO
30,2024-02-24,09:32:13,353708000.0,126.48516667,36.40408333,201.0,0.0,MSC MAUREEN,CONTAINER,167.0,20.0,12.0,19.0,CNZOS
31,2024-02-24,09:32:26,353810000.0,126.56244833,37.39789,173.2,0.0,ZHONG GU YIN CHUAN,CONTAINER,74.0,23.0,7.0,9.0,NINGBO
32,2024-02-24,09:32:22,354139000.0,126.16436881981348,37.03929908684009,217.6,0.05144,ORIENTAL SOURCES,CARGO,130.0,27.0,8.0,16.0,KH  SHV
33,2024-02-24,09:32:22,354663000.0,126.39112900117978,37.04481978473008,154.0,0.10288,CSC RISINGSUN,PRODUCT_TANKER,99.0,25.0,14.0,6.0,MAZHI
34,2024-02-24,09:32:22,355410000.0,126.17705333,37.05692833,166.8,0.0,ADAMASTOS,CONTAINER,199.0,30.0,12.0,20.0,CNSHA>CNZOS
35,2024-02-24,09:32:22,355616000.0,126.39506333,37.04052667,159.0,0.0,SM EMERALD,BULK,85.0,17.0,8.0,9.0,NCTUD
36,2024-02-24,09:32:20,356110000.0,126.84026756383051,36.944537912926776,158.3,0.05144,HUA YUN,PRODUCT_TANKER,158.0,32.0,22.0,10.0,TW KEL
37,2024-02-24,09:32:21,356411000.0,126.76294333,36.98289667,291.6,0.0,SEAWAYS LIBERTY,TANKER,150.0,46.0,22.0,10.0,CNNBG
38,2024-02-24,09:32:23,356644000.0,126.56344517788534,37.12125348995869,300.7,4.06376,YM UNIFORMITY,CONTAINER,35.0,150.0,22.0,6.0,SGSIN>CNSHA
39,2024-02-24,09:32:20,356828000.0,126.84335833,36.95545167,71.8,0.0,YI CHEN 78,ETC,28.0,161.0,7.0,22.0,ZHOUSHAN
40,2024-02-24,09:32:07,357040000.0,126.52705,35.97377333,131.1,0.0,NORTHERN MONUMENT,CONTAINER,157.0,23.0,20.0,10.0,CNXMN>CNZOS
41,2024-02-24,09:32:21,357344000.0,126.72712833,36.99013667,0.0,0.0,SEAPEAK PAN,LPG,78.0,20.0,9.0,9.0,CN ZOS
42,2024-02-24,09:32:21,357492000.0,126.396925,37.02059167,258.3,0.0,ATHOS,CONTAINER,147.0,36.0,8.0,24.0,CNNGB
43,2024-02-24,09:32:19,370758000.0,125.36150966486849,36.849106953533706,113.5,0.05144,MOUNT ITA,BULK,280.0,56.0,36.0,24.0,CN RZH
44,2024-02-24,09:32:22,371360000.0,126.19356667,37.09139833,156.9,0.0,DE QIN 37,ETC,210.0,25.0,26.0,17.0,INCHON
45,2024-02-24,09:32:22,371589000.0,126.3755,37.04431667,198.0,0.0,XYMG NOBLE,BULK,102.0,22.0,14.0,5.0,NINGBO
46,2024-02-24,09:32:21,371718000.0,126.12852741866345,37.02675098368097,145.1,0.05144,HONG KUN MEI GUI,CARGO,251.0,41.0,25.0,20.0,ZHOUSHAN
47,2024-02-24,09:32:21,372092000.0,126.732645,36.98879333,256.3,0.0,OCEAN LORD,BULK,181.0,19.0,23.0,9.0,CN LYG
48,2024-02-24,09:32:20,374522000.0,126.23876860616961,36.913955542183665,162.2,0.05144,SITC MAKASSAR,CONTAINER,233.0,40.0,14.0,32.0,CN SHA
49,2024-02-24,09:32:21,412380030.0,126.35386333,37.02127833,166.9,0.0,ADAMASTOS,CONTAINER,19.0,67.0,2.0,11.0,CNSHA>CNZOS
50,2024-02-24,09:32:21,412477750.0,126.34862667,37.01880667,121.9,0.0,WAN HAI 277,CONTAINER,77.0,22.0,13.0,3.0,KR INC
51,2024-02-24,09:32:22,413298170.0,126.13660441908232,37.04239441178889,150.9,0.10288,MSC ADELAIDE,CONTAINER,79.0,21.0,3.0,12.0,SGSIN>>>>CNCHG
52,2024-02-24,09:32:21,413378970.0,126.35828333,37.02331667,198.0,0.0,XIN YAN TIAN,CONTAINER,85.0,23.0,12.0,5.0,NING BO
53,2024-02-24,09:32:25,413453650.0,126.63516552072906,37.341588711778556,142.1,0.05144,ZHEN ZHU HAI,BULK,129.0,14.0,18.0,5.0,TIAN JIN
54,2024-02-24,09:32:23,414240000.0,126.17164168705591,37.16831003200179,210.0,6.1728,KOTA CABAR,CONTAINER,194.0,17.0,17.0,15.0,CNSHA
55,2024-02-24,09:32:08,414283000.0,126.14053333,36.02758400722218,0.0,0.05144,CHANG AN ZHOU,PRODUCT_TANKER,195.0,30.0,11.0,21.0,ZHOU SHAN
56,2024-02-24,09:32:09,414387000.0,126.11850667,36.05352333,343.1,0.0,BAO YUE LING,BULK,192.0,33.0,15.0,17.0,NING BO
57,2024-02-24,09:32:08,419000984.0,126.55341471127707,35.975140400688204,141.9,0.05144,PERISTIL,BULK,205.0,24.0,9.0,23.0,CN JLN
58,2024-02-24,09:32:21,419001562.0,126.40709667,37.02300667,256.5,0.0,MOUNT GOWER,BULK,203.0,41.0,25.0,17.0,CNZOS
59,2024-02-24,09:32:13,419745000.0,125.36716667,36.41215,190.0,0.0,ZHELINGYUYUN31007,ETC,189.0,39.0,20.0,12.0,
60,2024-02-24,09:32:22,440000110.0,126.39397667,37.11277333,0.0,0.0,TIAN HAO 18,BULK,24.0,0.0,3.0,3.0,SONG XIA
61,2024-02-24,09:32:21,440000218.0,126.41994039497652,37.01625701609275,80.8,0.05144,BALTRUM,CONTAINER,8.0,15.0,2.0,2.0,NINGBO
62,2024-02-24,09:32:26,440000446.0,126.54859022806995,37.36232301301501,15.6,0.05144,WAKATAKE MARU,ETC,80.0,6.0,14.0,12.0,>TW KEL
63,2024-02-24,09:32:26,440000449.0,126.542585,37.409045,331.9,0.0,MING XI JIU YUE,BULK,68.0,11.0,12.0,12.0,YANG JIANG
64,2024-02-24,09:32:26,440000463.0,126.56562667,37.36799833,30.2,0.0,EVER FEAT,CONTAINER,1.0,1.0,0.0,0.0,TWTPE
65,2024-02-24,09:32:26,440000464.0,126.53369667,37.40403,280.4,0.0,BBC WASHINGTON,CARGO,72.0,12.0,15.0,15.0,CN ZOS
66,2024-02-24,09:32:25,440000465.0,126.16896098883478,37.324394977420056,261.4,4.3724,SASCO ANGARA,CONTAINER,82.0,4.0,0.0,20.0,CH ZOS
67,2024-02-24,09:32:26,440000468.0,126.52158667,37.39747,25.7,0.0,GUO YUAN 12,BULK,0.0,0.0,0.0,0.0,CN DJK
68,2024-02-24,09:32:24,440000472.0,125.96409667,37.26563,70.8,0.0,PROGRESS V,TANKER,13.0,90.0,11.0,11.0,OPL QDCN
69,2024-02-24,09:32:25,440000475.0,125.98449167,37.27730667,245.2,0.0,VIRA BHUM,CONTAINER,100.0,10.0,4.0,5.0,CNSHA
70,2024-02-24,09:32:21,440000690.0,126.00949341415212,37.03136682260773,257.4,0.15431999999999998,STOLT PRIDE,CHEMICAL_TANKER,14.0,10.0,3.0,7.0,CN NGB
71,2024-02-24,09:32:21,440001600.0,126.45301123521271,37.00554739589106,164.8,0.05144,SUN ORION,CHEMICAL_TANKER,0.0,8.0,0.0,0.0,KR USN
72,2024-02-24,09:32:21,440002140.0,126.74735,36.98688333,227.0,0.0,ALIANCA MANAUS,CONTAINER,10.0,28.0,6.0,4.0,TANJUNG PELEPAS
73,2024-02-24,09:32:24,440002180.0,126.32264640395488,37.244126517803934,354.6,0.10288,SHI YUAN,PCC,0.0,0.0,0.0,0.0,MEI SHAN
74,2024-02-24,09:32:11,440002200.0,126.3735787955673,36.24482156624683,333.9,0.41152,ZHOU DU 12,ETC,5.0,15.0,3.0,3.0,
75,2024-02-24,09:32:26,440002260.0,126.666825,37.34976667,157.2,0.0,GERDT OLDENDORFF,BULK,0.0,0.0,0.0,0.0,CN ZOS
76,2024-02-24,09:32:24,440002310.0,126.42747,37.24698,87.7,0.0,NINGHUA 419,CHEMICAL_TANKER,14.0,20.0,5.0,5.0,NINGBO
77,2024-02-24,09:32:15,440002440.0,125.90239117985224,36.56309888065629,182.0,4.6296,QIFAN9,ETC,62.0,30.0,10.0,4.0,ZHOU SHAN
78,2024-02-24,09:32:17,440002470.0,126.13322667,36.67417667,343.0,0.0,EVER OPTIMA,CONTAINER,0.0,0.0,0.0,0.0,TW TPE
79,2024-02-24,09:32:22,440003570.0,126.39762979186997,37.09380652983653,346.5,4.32096,TIAN YING ZUO,TANKER,0.0,0.0,0.0,0.0,HUIZHOU
80,2024-02-24,09:32:07,440004000.0,126.61336563834118,35.966383401564364,43.3,1.90328,FENG HAI 30,CHEMICAL_TANKER,0.0,0.0,0.0,0.0,ZHOU SHAN
81,2024-02-24,09:32:25,440004700.0,126.57631167,37.302975,22.2,0.0,YONGCHANGCHANGHANG,TANKER,0.0,0.0,0.0,0.0,TAI ZHOU
82,2024-02-24,09:32:20,440004880.0,126.83324167,36.95014667,221.2,0.0,SEA SPIRIT,BULK,0.0,0.0,0.0,0.0,ZHOUSHAN CNZOS
83,2024-02-24,09:32:22,440005120.0,126.39649833,37.0500802531069,3600.0,0.05144,NEW BLISS,BULK,55.0,4.0,6.0,3.0,JP KNM OFF
84,2024-02-24,09:32:21,440005180.0,125.65750809709064,36.97453451831423,297.9,0.36007999999999996,TOSA HARMONY,BULK,0.0,0.0,0.0,0.0,CN ZHE
85,2024-02-24,09:32:08,440005740.0,126.622599369321,35.97695732519689,89.8,0.05144,TIAN HAO 18,BULK,0.0,0.0,0.0,0.0,SONG XIA
86,2024-02-24,09:32:08,440007010.0,126.6273,35.97878333,261.6,0.0,BLISSFUL SEA,TANKER,10.0,15.0,3.0,4.0,CN ZHA
87,2024-02-24,09:32:17,440007090.0,126.13336333,36.67447833,10.9,0.0,CHANG HANG ZHEN ZHU,TANKER,0.0,0.0,0.0,0.0,ZHANJIANG
88,2024-02-24,09:32:20,440007610.0,126.84337667,36.94341833,118.2,0.0,WINNING SEA,BULK,0.0,0.0,0.0,0.0,SINGAPORE PJSB
89,2024-02-24,09:32:24,440008000.0,126.42751667,37.24636167,62.8,0.0,GOLDEN  ATLANTIC,BULK,15.0,18.0,3.0,6.0,HK HKG
90,2024-02-24,09:32:22,440008090.0,126.68454167,37.11075167,250.7,0.0,MENG XIN,TANKER,0.0,0.0,0.0,0.0,ZHOUSHAN
91,2024-02-24,09:32:21,440008160.0,126.4191,37.01632167,86.6,0.0,MAERSK SONGKHLA,CONTAINER,0.0,0.0,0.0,0.0,CNNPO
92,2024-02-24,09:32:20,440008790.0,126.84348667,36.94337,0.0,0.0,NORTHERN DISCOVERY,CONTAINER,0.0,0.0,0.0,0.0,CNNBG
93,2024-02-24,09:32:26,440009170.0,126.66666,37.349605,151.0,0.0,COSCO AZALEA,CONTAINER,256.0,8.0,0.0,2.0,NGB LIUHENG
94,2024-02-24,09:32:26,440009190.0,126.60033,37.34693,171.1,0.0,BEI LUN HAI TUN,BULK,0.0,2.0,32.0,0.0,SHAN HAI GUAN
95,2024-02-24,09:32:26,440009470.0,126.60025,37.34652333,354.4,0.0,EVER LEADER,CONTAINER,1.0,0.0,0.0,0.0,TWKHH>>CNSHA
96,2024-02-24,09:32:20,440009550.0,126.855815,36.94243833,223.2,0.0,SEA SPIRIT,BULK,10.0,14.0,4.0,5.0,ZHOUSHAN CNZOS
97,2024-02-24,09:32:21,440009580.0,126.79459,36.99626,0.0,0.0,X-PRESS CASSIOPEIA,CONTAINER,8.0,14.0,2.0,2.0,CNQCT
98,2024-02-24,09:32:23,440009780.0,126.19596624885585,37.158689995156884,50.1,0.05144,VANGELIS,BULK,0.0,8.0,0.0,8.0,SINGAPORE
99,2024-02-24,09:32:22,440010000.0,126.38938333,37.05058333,171.0,0.0,MSC LAUSANNE VI,CONTAINER,100.0,24.0,5.0,15.0,ZHOUSHAN ANCHORAGE
100,2024-02-24,09:32:20,440010140.0,125.90906555141144,36.91266645097033,240.2,0.05144,CORAL PEARL,CHEMICAL_TANKER,0.0,0.0,0.0,0.0,ZHOU SHAN
101,2024-02-24,09:32:21,440010180.0,125.98608613493693,36.98544795877104,202.7,4.32096,DARYA TIANA,BULK,15.0,5.0,3.0,2.0,CN DFG
102,2024-02-24,09:32:24,440010820.0,126.499445,37.25453833,0.0,0.0,X-PRESS CASSIOPEIA,CONTAINER,0.0,0.0,0.0,0.0,CNQCT
103,2024-02-24,09:32:25,440011120.0,126.40350057845006,37.322219709253154,189.7,0.05144,TEH VICTORY,CONTAINER,47.0,12.0,8.0,2.0,CNSHA
104,2024-02-24,09:32:25,440011170.0,126.42356280867948,37.3366229458668,81.0,6.635759999999999,VIRA BHUM,CONTAINER,12.0,5.0,5.0,25.0,CNSHA
105,2024-02-24,09:32:21,440011910.0,126.79491667,36.9962,263.6,0.0,HE FU,BULK,0.0,0.0,0.0,0.0,TAIPEI
106,2024-02-24,09:32:20,440012000.0,126.83378333,36.95051667,305.0,0.0,STI LA BOCA,CHEMICAL_TANKER,20.0,15.0,4.0,5.0,KRTSN
107,2024-02-24,09:32:21,440012140.0,126.42068333,37.01557667,284.8,0.0,CERVIA,BULK,0.0,0.0,0.0,0.0,LINKOU
108,2024-02-24,09:32:21,440012220.0,125.54984428444823,36.97544162534278,274.5,4.3724,EMPEROR PAMPERO,BULK,15.0,9.0,3.0,4.0,SINGAPORE
109,2024-02-24,09:32:24,440012230.0,126.42756667,37.24881667,0.0,0.0,SAN REMO,CHEMICAL_TANKER,0.0,0.0,0.0,0.0,KR ONS
110,2024-02-24,09:32:23,440012290.0,126.55664245885897,37.12419761665854,311.7,8.7448,TONG YOUNG,CHEMICAL_TANKER,0.0,0.0,0.0,0.0,CJK NO.2 ANCHORAGE
111,2024-02-24,09:32:24,440012370.0,126.49939167,37.25454,225.4,0.0,ATLANTIC,CARGO,0.0,0.0,0.0,0.0,LIANYUNGANG
112,2024-02-24,09:32:20,440012840.0,125.42477226681302,36.909815462412894,256.6,4.52672,HUA NAN 5,LPG,0.0,0.0,0.0,0.0,ZHOU SHAN
113,2024-02-24,09:32:09,440013420.0,126.15316749860865,36.060508373458276,181.0,4.26952,HAI NAM 81,BULK,0.0,0.0,0.0,0.0,CJK
114,2024-02-24,09:32:07,440014460.0,126.54744885791841,35.900592583953205,200.9,0.05144,GOOBY,BULK,13.0,14.0,5.0,3.0,CNZOS
115,2024-02-24,09:32:21,440014570.0,126.7465,36.98621667,194.1,0.0,MOUNT BROAD PEAK,BULK,7.0,20.0,0.0,0.0,XIUSHAN E ANCHORAGE
116,2024-02-24,09:32:06,440016170.0,126.37669984714326,35.844871648047715,103.9,0.10288,SHEN AO VIII,TUG,0.0,0.0,0.0,0.0,KEELUNG TAIWAN
117,2024-02-24,09:32:21,440016190.0,126.34188333,37.00686667,172.0,0.0,SHUN YUAN 18,LPG,69.0,19.0,7.0,6.0,DONG YING
118,2024-02-24,09:32:21,440016320.0,126.79486667,36.99608333,240.0,0.0,CHINACOASTGUARD2102,ETC,0.0,0.0,0.0,0.0,
119,2024-02-24,09:32:21,440016420.0,126.77658,36.99729167,276.6,0.0,TIAN YING ZUO,TANKER,10.0,27.0,3.0,7.0,HUIZHOU
120,2024-02-24,09:32:26,440016560.0,126.02026975066774,37.35467354810007,196.1,0.05144,SITC DECHENG,CONTAINER,0.0,0.0,0.0,0.0,XIAMEN CN
121,2024-02-24,09:32:22,440016920.0,126.02167113311579,37.04863835700736,10.8,0.10288,XIN RUN YANG,TANKER,64.0,4.0,0.0,8.0,DAESAN
122,2024-02-24,09:32:26,440017150.0,126.66836331728938,37.351578986034504,166.0,0.05144,KAN TAN 303,ETC,30.0,19.0,5.0,4.0,DONGHAI OILFIELD
123,2024-02-24,09:32:17,440017720.0,125.98982577638932,36.71497677837201,328.7,0.41152,CHEMROAD POLARIS,CHEMICAL_TANKER,0.0,0.0,0.0,0.0,CH ZHO
124,2024-02-24,09:32:26,440018310.0,126.60061667,37.34692,208.5,0.0,NORD MISSOURI,BULK,0.0,0.0,0.0,0.0,TAINJIN
125,2024-02-24,09:32:20,440018780.0,126.13311244668041,36.943935587513295,42.3,5.60696,SITC HUIMING,CONTAINER,60.0,22.0,3.0,10.0,VN SGN
126,2024-02-24,09:32:20,440019060.0,126.85663685749738,36.94296005180578,219.3,0.05144,AQUILA GLORY,CARGO,0.0,0.0,0.0,0.0,>KUV KR
127,2024-02-24,09:32:18,440019110.0,125.4241555695568,36.809040716157654,328.0,6.1728,SASCO ANGARA,CONTAINER,0.0,0.0,4.0,0.0,CH ZOS
128,2024-02-24,09:32:24,440019170.0,126.32176290769495,37.220137444467234,244.6,4.52672,OCEAN DRAGON,CONTAINER,9.0,9.0,2.0,2.0,ZHOU SHAN L1
129,2024-02-24,09:32:25,440020130.0,126.27134239425838,37.30260750289962,67.9,4.989679999999999,TEH VICTORY,CONTAINER,20.0,14.0,3.0,3.0,CNSHA
130,2024-02-24,09:32:20,440020330.0,125.54941839201457,36.93716250590809,306.7,1.4403199999999998,HUA WU,TUG,10.0,10.0,3.0,3.0,TAI ZHOU
131,2024-02-24,09:32:22,440020780.0,126.05645573477625,37.040174879987475,19.6,0.20576,GUO DIAN 12,BULK,8.0,4.0,15.0,0.0,BEILUN
132,2024-02-24,09:32:20,440021030.0,126.85711667,36.94156667,97.6,0.0,ROMANTIC,CARGO,0.0,0.0,0.0,0.0,BUSAN SKOREA
133,2024-02-24,09:32:21,440021170.0,126.43685,37.01443333,316.6,0.0,NEW ANSTEEL,BULK,16.0,19.0,8.0,3.0,SGP PJSB
134,2024-02-24,09:32:25,440021230.0,126.40348333,37.32246333,191.3,0.0,ZHE NENG 5,BULK,40.0,10.0,2.0,2.0,BEILUN
135,2024-02-24,09:32:21,440021320.0,126.79505,36.9965,0.0,0.0,CHINA ENERGY,BULK,0.0,0.0,0.0,0.0,ZHOUSHAN
136,2024-02-24,09:32:20,440021960.0,126.83387114197951,36.950168170543016,183.8,0.05144,ZHONG GU DIZHONG HAI,CONTAINER,0.0,0.0,0.0,0.0,CNNGB
137,2024-02-24,09:32:22,440022690.0,126.68413584368419,37.110814958903575,13.3,0.05144,MSC MICHELLE,CONTAINER,0.0,0.0,0.0,0.0,NINGBO
138,2024-02-24,09:32:25,440022760.0,126.57308640591567,37.30264327787322,356.8,0.10288,COSCO AZALEA,CONTAINER,30.0,30.0,8.0,8.0,NGB LIUHENG
139,2024-02-24,09:32:25,440022920.0,126.309976852413,37.33127840809216,85.6,5.5555200000000005,NIAGARA HIGHWAY,PCC,0.0,0.0,0.0,0.0,TW TXG > TW TPE
140,2024-02-24,09:32:20,440022930.0,125.9322810701518,36.92800873447623,234.0,0.10288,CHANG XING ZHOU,PRODUCT_TANKER,0.0,0.0,2.0,0.0,ZHOU SHAN
141,2024-02-24,09:32:26,440023880.0,126.49520524726944,37.35704925760789,172.9,0.05144,ALONA,BULK,10.0,6.0,2.0,2.0,CN BEI
142,2024-02-24,09:32:21,440024000.0,126.78922167,36.99412167,307.3,0.0,NAN YU 7,LPG,85.0,25.0,4.0,14.0,ZHOUSHAN
143,2024-02-24,09:32:20,440024870.0,126.83287550003041,36.95075478325855,155.5,0.05144,DA HUA,CARGO,0.0,0.0,0.0,0.0,CJK
144,2024-02-24,09:32:22,440024970.0,126.10051833,37.11234,183.7,0.0,PACIFIC FRIEDA,BULK,15.0,4.0,2.0,2.0,"NINGBO,CHINA"
145,2024-02-24,09:32:22,440025440.0,126.07797060062042,37.0483390550864,217.8,7.76744,ZHE WU 188,BULK,15.0,7.0,2.0,0.0,NING BO
146,2024-02-24,09:32:14,440026070.0,126.509365,36.43352,103.2,0.0,CHINACOASTGUARD2502,ETC,15.0,20.0,5.0,5.0,
147,2024-02-24,09:32:22,440027070.0,126.56031566278888,37.09468721767541,116.6,0.05144,NAN HAI SHI HAO,ETC,10.0,17.0,4.0,3.0,DONG HAI
148,2024-02-24,09:32:21,440028420.0,126.74693333,36.98605,218.6,0.0,GLORY VOYAGER,CARGO,0.0,0.0,0.0,0.0,NINGBO
149,2024-02-24,09:32:21,440033820.0,126.731655,36.98885667,305.4,0.0,CHANG JING 7,ETC,0.0,0.0,0.0,0.0,ZHOU SHAN
150,2024-02-24,09:32:12,440033910.0,126.34630958514532,36.29396016018755,328.4,2.0576,GUANG QIAN,BULK,30.0,75.0,9.0,9.0,GUI SHAN
151,2024-02-24,09:32:16,440034330.0,125.65957663705422,36.62685769198104,243.0,1.286,CHEMROAD POLARIS,CHEMICAL_TANKER,0.0,0.0,0.0,0.0,CH ZHO
152,2024-02-24,09:32:25,440035960.0,126.16687136406776,37.32382822551285,259.0,4.423839999999999,ASL TAIPEI,CONTAINER,25.0,6.0,4.0,5.0,CNNGB
153,2024-02-24,09:32:07,440038280.0,126.52841833,35.93719833,0.0,0.0,SITC YOKOHAMA,CONTAINER,0.0,0.0,0.0,0.0,CN NGB
154,2024-02-24,09:32:20,440041250.0,126.84475,36.9551,176.2,0.0,DONG HAI JIU 102,TUG,15.0,20.0,7.0,3.0,XIAZHIMEN
155,2024-02-24,09:32:21,440041270.0,126.42079833,37.01552833,18.1,0.0,HALCYON,CONTAINER,20.0,15.0,5.0,5.0,ZHOUSHAN CN
156,2024-02-24,09:32:21,440043080.0,126.41906667,37.01684167,294.0,0.0,NCC QASSIM,CHEMICAL_TANKER,12.0,18.0,5.0,3.0,NINGBO
157,2024-02-24,09:32:09,440043680.0,125.81114541582771,36.07590545641858,90.9,1.85184,DONG HAI JIU 102,TUG,0.0,0.0,0.0,0.0,XIAZHIMEN
158,2024-02-24,09:32:21,440043740.0,126.77650445213438,36.997288190985834,268.4,0.05144,WAN HAI 312,CONTAINER,0.0,0.0,0.0,0.0,TWKHH
159,2024-02-24,09:32:25,440046510.0,126.57408352096407,37.3003017279255,328.2,0.05144,FEDERAL IMABARI,BULK,30.0,27.0,6.0,7.0,CN ZOS
160,2024-02-24,09:32:14,440046840.0,125.23873516324825,36.42758566706665,192.2,2.4691199999999998,KAN TAN 303,ETC,0.0,0.0,0.0,0.0,DONGHAI OILFIELD
161,2024-02-24,09:32:21,440048680.0,126.40460451293116,37.02261188926183,143.6,0.05144,HUA DONG YUAN 2,ETC,92.0,19.0,5.0,13.0,
162,2024-02-24,09:32:05,440050270.0,126.46653705847719,35.78062078822076,124.2,0.10288,NORD MISSOURI,BULK,0.0,8.0,0.0,0.0,TAINJIN
163,2024-02-24,09:32:14,440050930.0,126.51066833,36.43492833,168.7,0.0,PACIFIC FRIEDA,BULK,0.0,0.0,0.0,0.0,"NINGBO,CHINA"
164,2024-02-24,09:32:20,440052030.0,125.70704897696761,36.91538519353834,121.9,0.30863999999999997,YI CHEN 68,ETC,0.0,0.0,0.0,0.0,ZHOU SHAN
165,2024-02-24,09:32:12,440058840.0,126.49010691487214,36.3302462141623,67.0,3.96088,PINTAIL,CARGO,0.0,0.0,0.0,0.0,CN ZOS
166,2024-02-24,09:32:21,440061040.0,126.42406167,37.01532833,180.2,0.0,LU HUANG YUAN YU 115,ETC,40.0,9.0,2.0,2.0,
167,2024-02-24,09:32:21,440066190.0,126.42015,37.01668333,0.0,0.0,GOLDEN SUCCESSFUL 82,BULK,15.0,23.0,6.0,3.0,ID TAB
168,2024-02-24,09:32:21,440071510.0,126.419935,37.01547,55.2,0.0,ZHONG GU DIZHONG HAI,CONTAINER,18.0,20.0,3.0,6.0,CNNGB
169,2024-02-24,09:32:06,440072420.0,126.448262009172,35.838479166878955,349.1,3.1378399999999997,DONG YONG NO.8,CARGO,0.0,0.0,0.0,0.0,KEELUNG
170,2024-02-24,09:32:10,440073990.0,126.4877,36.14801667,116.6,0.0,ZHONGSHANDAXUE JI DI,TUG,15.0,21.0,5.0,3.0,ZHOUSHAN
171,2024-02-24,09:32:21,440075270.0,126.41655833,37.01536667,89.4,0.0,HONGTAI3,CARGO,0.0,0.0,0.0,0.0,
172,2024-02-24,09:32:14,440075510.0,126.51010667,36.43431833,104.1,0.0,CARDINAL VICTORY,BULK,12.0,22.0,3.0,7.0,CN ZOS
173,2024-02-24,09:32:04,440075620.0,125.73933727749272,35.71761220163348,110.5,0.8744799999999999,HONGDAHAI10,PRODUCT_TANKER,0.0,0.0,0.0,0.0,ZHOU SHAN
174,2024-02-24,09:32:15,440079210.0,125.29053777726686,36.5202543357912,207.4,1.33744,SHOKAI,CHEMICAL_TANKER,23.0,0.0,0.0,6.0,VN VUT
175,2024-02-24,09:32:21,440079720.0,126.79503333,36.9964,347.7,0.0,BERGE LYNGOR,BULK,0.0,0.0,0.0,0.0,CN BEI
176,2024-02-24,09:32:17,440086850.0,126.1331383621588,36.67479249709704,345.1,0.05144,BERGE NANGA PARBAT,BULK,0.0,0.0,0.0,0.0,"BEILUN,CN"
177,2024-02-24,09:32:08,440087960.0,126.66264333,36.00856833,3600.0,0.0,GERDT OLDENDORFF,BULK,0.0,0.0,0.0,0.0,CN ZOS
178,2024-02-24,09:32:10,440090120.0,125.78420450771523,36.126953730222546,88.9,4.1152,EUCALY,TANKER,0.0,0.0,0.0,8.0,"ZHOUSHAN,CN"
179,2024-02-24,09:32:18,440099940.0,125.41600647645295,36.762234271893675,319.2,0.30863999999999997,SHANG DE FU,BULK,0.0,0.0,0.0,0.0,ZHOUSHAN
180,2024-02-24,09:32:24,440101023.0,126.15754,37.22253667,189.4,0.0,SHIZUKISAN,TANKER,12.0,20.0,2.0,4.0,CN YIULIAN
181,2024-02-24,09:32:11,440101060.0,126.30605506565968,36.226201173870486,282.4,0.15431999999999998,BAO HONG 10,CARGO,0.0,0.0,0.0,0.0,WEF CN
182,2024-02-24,09:32:08,440101180.0,126.564375,35.97569667,211.6,0.0,ANDRIA,BULK,0.0,0.0,0.0,0.0,CN ZOS
183,2024-02-24,09:32:26,440101220.0,126.5650753225603,37.39916333937976,14.9,3.9094399999999996,DONG HAI JIU 102,TUG,25.0,10.0,4.0,3.0,XIAZHIMEN
184,2024-02-24,09:32:08,440102860.0,125.3723783220565,36.04227906648313,119.2,3.3950399999999994,JJ NAGOYA,CONTAINER,0.0,0.0,0.0,0.0,TW TXG
185,2024-02-24,09:32:15,440103010.0,125.87048735997837,36.54658644396733,191.1,5.144,SIMAG SHANGHAI,CARGO,78.0,14.0,7.0,8.0,ZHOUSHAN
186,2024-02-24,09:32:12,440103340.0,126.3459886819022,36.29416170707064,328.4,2.00616,ZHONG CHUAN HAI YUN,CARGO,0.0,0.0,0.0,0.0,CN SHG
187,2024-02-24,09:32:24,440103940.0,126.4275464472657,37.248240076349774,333.5,0.05144,ZH1,CARGO,12.0,21.0,5.0,5.0,BEITAI
188,2024-02-24,09:32:08,440104250.0,126.565025,35.97598667,7.4,0.0,HUA YANG MEI GUI,BULK,0.0,0.0,0.0,0.0,BAYUQUAN/CN
189,2024-02-24,09:32:02,440106570.0,125.40771939400088,35.568415572291286,22.9,1.13168,GOOBY,BULK,15.0,14.0,3.0,4.0,CNZOS
190,2024-02-24,09:32:22,440106660.0,126.31601543754118,37.0746003228707,46.8,2.572,CHINA FORTUNE,BULK,9.0,16.0,2.0,5.0,CNLSN>>CNZOS
191,2024-02-24,09:32:07,440107190.0,125.88698079026966,35.95844511316499,83.3,1.9547199999999998,TRANS FUTURE 11,PCC,0.0,0.0,0.0,0.0,TW TPE
192,2024-02-24,09:32:13,440107900.0,126.496655,36.42307833,0.0,0.0,FENG SHUN,BULK,26.0,24.0,6.0,6.0,>JP KIMITSU
193,2024-02-24,09:32:16,440108480.0,126.03456263184043,36.58356092401779,356.5,4.6296,BERGE DHAULAGIRI,BULK,0.0,0.0,0.0,0.0,CN BEI
194,2024-02-24,09:32:21,440108530.0,126.79463667,36.99627333,68.7,0.0,MSC COLETTE III,CONTAINER,0.0,0.0,0.0,0.0,KRPUS
195,2024-02-24,09:32:21,440108980.0,126.419055,37.01578833,0.0,0.0,HMM MONGLA,CONTAINER,10.0,18.0,3.0,4.0,CNNGB
196,2024-02-24,09:32:26,440109330.0,126.57653526802339,37.41414034615866,117.3,0.05144,MAERSK CUBANGO,CONTAINER,8.0,20.0,2.0,2.0,CNHSK
197,2024-02-24,09:32:16,440112240.0,126.24654833,36.595625,189.0,0.0,CHANG HANG ZHEN ZHU,TANKER,0.0,0.0,0.0,0.0,ZHANJIANG
198,2024-02-24,09:32:12,440113220.0,126.51529833,36.329935,80.5,0.0,ASL TAIPEI,CONTAINER,0.0,0.0,0.0,0.0,CNNGB
199,2024-02-24,09:32:23,440113700.0,126.45023436907604,37.151283137326836,157.0,0.05144,OSG BOSSTEC,CONTAINER,70.0,13.0,7.0,7.0,KEL
200,2024-02-24,09:32:21,440114050.0,126.41721667,37.01629667,206.3,0.0,SPIL KARTINI,CONTAINER,5.0,8.0,3.0,3.0,CN NGB
201,2024-02-24,09:32:26,440114640.0,126.54762500283785,37.35875670197767,164.7,3.1378399999999997,MONONOK,ETC,7.0,25.0,3.0,3.0,CN NGB
202,2024-02-24,09:32:23,440116090.0,126.49916667,37.15341667,329.6,0.0,HONG RUN 27,ETC,71.0,16.0,6.0,7.0,
203,2024-02-24,09:32:05,440116490.0,126.48063833,35.79435167,85.8,0.0,QI FAN 7,ETC,12.0,20.0,2.0,6.0,DINGHAI
204,2024-02-24,09:32:20,440117440.0,126.10643853770783,36.91897833384703,32.9,3.80656,LU HUANG YUAN YU 115,ETC,76.0,25.0,8.0,8.0,
205,2024-02-24,09:32:17,440118020.0,126.13605667,36.67937240973507,0.0,0.05144,MING XI JIU YUE,BULK,0.0,0.0,0.0,0.0,YANG JIANG
206,2024-02-24,09:32:21,440119970.0,126.74651891216453,36.98629327171654,124.0,0.05144,GIORGIS,BULK,0.0,0.0,0.0,0.0,CN ZOS
207,2024-02-24,09:32:21,440120180.0,125.62899849414094,37.00557575839409,75.2,0.05144,SHINAS MAX,BULK,13.0,5.0,3.0,3.0,LYG CHINA
208,2024-02-24,09:32:05,440121590.0,126.48052833,35.79382667,203.1,0.0,STAR EXPLORER,CONTAINER,5.0,86.0,30.0,11.0,KRPUS
209,2024-02-24,09:32:23,440122730.0,126.11382151804071,37.149763060804595,168.0,0.10288,MENG XIN,TANKER,14.0,5.0,2.0,2.0,ZHOUSHAN
210,2024-02-24,09:32:21,440124410.0,126.41207333,37.01917167,115.1,0.0,SEATTLE,BULK,62.0,20.0,6.0,7.0,AU PHE
211,2024-02-24,09:32:09,440125110.0,125.83082840460146,36.08091924449265,98.0,2.00616,HUA TUO,ETC,0.0,0.0,0.0,0.0,ZHOU SHAN
212,2024-02-24,09:32:05,440126920.0,126.47302333,35.77979333,109.1,0.0,HUA TUO,ETC,10.0,13.0,4.0,5.0,ZHOU SHAN
213,2024-02-24,09:32:26,440126980.0,126.66596005219844,37.35028319932095,128.9,0.05144,ZHEN HUA 25,ETC,15.0,20.0,3.0,5.0,CN SHG
214,2024-02-24,09:32:20,440127420.0,126.833,36.95053333,256.3,0.0,RUI DA 19,BULK,0.0,0.0,0.0,0.0,MY BTU
215,2024-02-24,09:32:07,440130370.0,126.54621667,35.903,88.3,0.0,BERGE LYNGOR,BULK,14.0,11.0,3.0,6.0,CN BEI
216,2024-02-24,09:32:21,440130750.0,126.42018833,37.0163,52.7,0.0,EMPEROR PAMPERO,BULK,2.0,8.0,3.0,3.0,SINGAPORE
217,2024-02-24,09:32:05,440133620.0,126.45910151545726,35.77672565586838,128.3,0.7201599999999999,PINTAIL,CARGO,0.0,0.0,0.0,0.0,CN ZOS
218,2024-02-24,09:32:15,440134000.0,125.93010808927293,36.525181801394396,9.2,6.8929599999999995,LOMALO,ETC,95.0,25.0,10.0,10.0,MASHR
219,2024-02-24,09:32:24,440134720.0,126.43096,37.25245333,296.4,0.0,CR TETHYS,CHEMICAL_TANKER,50.0,33.0,7.0,7.0,NINGBO
220,2024-02-24,09:32:05,440135320.0,126.45205833,35.777925,0.0,0.0,ALONA,BULK,0.0,0.0,0.0,0.0,CN BEI
221,2024-02-24,09:32:08,440136000.0,126.54945,35.98498333,33.0,0.0,FODASEVEN,CARGO,24.0,40.0,5.0,4.0,JP SBS
222,2024-02-24,09:32:26,440136470.0,126.66583,37.35006833,107.8,0.0,MERKUR OCEAN,CONTAINER,15.0,22.0,6.0,4.0,CNTAO
223,2024-02-24,09:32:26,440140580.0,126.52808997821721,37.400536925211114,56.5,9.61928,ANDRIA,BULK,0.0,0.0,0.0,0.0,CN ZOS
224,2024-02-24,09:32:25,440140590.0,126.25322130000272,37.268424229943655,222.5,0.6172799999999999,COSCO KILIMANJARO,CONTAINER,0.0,2.0,0.0,0.0,CN  NGB
225,2024-02-24,09:32:21,440141060.0,126.74606667,36.9864,0.0,0.0,CORAL PEARL,CHEMICAL_TANKER,0.0,0.0,0.0,0.0,ZHOU SHAN
226,2024-02-24,09:32:11,440141760.0,125.53593624314793,36.27599226161427,271.6,4.989679999999999,EVER FORTUNE,CARGO,0.0,0.0,0.0,0.0,CN DMY
227,2024-02-24,09:32:05,440142340.0,126.08718998586076,35.80564344128642,66.5,4.166639999999999,GUO YUAN 12,BULK,0.0,0.0,0.0,0.0,CN DJK
228,2024-02-24,09:32:21,440146240.0,126.74716,36.986465,200.3,0.0,DIANELLA,PRODUCT_TANKER,0.0,0.0,0.0,0.0,"KIKUMA,JAPAN"
229,2024-02-24,09:32:12,440147150.0,126.51491333,36.33023,334.6,0.0,MAERSK WALLIS,CONTAINER,10.0,40.0,5.0,4.0,CNNBG>CNYSA
230,2024-02-24,09:32:25,440148840.0,126.33232449740983,37.32515604543969,233.0,6.738639999999999,YUN DING 22,CHEMICAL_TANKER,67.0,19.0,5.0,9.0,C J K
231,2024-02-24,09:32:21,440153960.0,126.32030598161994,37.02890646957565,29.8,0.05144,HUA GAO,TUG,50.0,14.0,6.0,4.0,ZOS
232,2024-02-24,09:32:23,440154430.0,126.20312807489908,37.21294046305494,205.5,7.40736,ZHEN ZHU HAI,BULK,64.0,18.0,7.0,8.0,TIAN JIN
233,2024-02-24,09:32:08,440164000.0,126.56646333,35.976145,71.4,0.0,DONG YONG NO.8,CARGO,47.0,61.0,0.0,0.0,KEELUNG
234,2024-02-24,09:32:20,440164260.0,126.10052974956379,36.96022085189869,213.0,5.967039999999999,GIMPO SHUN,CARGO,85.0,14.0,12.0,8.0,"TAIPEI, TW"
235,2024-02-24,09:32:05,440170350.0,126.48546667,35.79223333,121.3,0.0,EVER FEAT,CONTAINER,10.0,14.0,5.0,3.0,TWTPE
236,2024-02-24,09:32:26,440173000.0,126.55790309596215,37.39106796241226,161.0,0.05144,HENG HUI YONG SHENG,CHEMICAL_TANKER,113.0,15.0,10.0,10.0,ZHOUSHAN
237,2024-02-24,09:32:07,440182570.0,125.98951554694031,35.90965908274498,244.6,0.56584,HSIANG HER,ETC,0.0,0.0,0.0,0.0,
238,2024-02-24,09:32:12,440184070.0,126.51565333,36.33228333,302.9,0.0,NIAGARA HIGHWAY,PCC,10.0,5.0,2.0,2.0,TW TXG > TW TPE
239,2024-02-24,09:32:26,440186030.0,126.6064,37.37290667,195.3,0.0,SITC DECHENG,CONTAINER,7.0,15.0,4.0,4.0,XIAMEN CN
240,2024-02-24,09:32:22,440187910.0,126.40182187917387,37.0453587548487,179.7,0.05144,FLAG FILIA,BULK,68.0,23.0,2.0,12.0,"SAMARINDA,INDO"
241,2024-02-24,09:32:21,440188330.0,126.75568667,36.985205,145.5,0.0,FENG ZE HAI,BULK,76.0,9.0,3.0,10.0,PHU MY
242,2024-02-24,09:32:05,440190310.0,125.54533992472464,35.77794859651446,89.5,3.96088,JUN YU,BULK,0.0,0.0,0.0,0.0,C J K
243,2024-02-24,09:32:12,440191380.0,125.9060225409413,36.31584347499972,10.3,3.9094399999999996,CHUNG YU NO.18,ETC,80.0,14.0,15.0,5.0,
244,2024-02-24,09:32:07,440197710.0,126.6237,35.971125,16.4,0.0,NAVIOS BONHEUR,BULK,19.0,7.0,3.0,3.0,CN QDG
245,2024-02-24,09:32:21,440200111.0,126.73425658168348,37.00403468799531,232.3,0.15431999999999998,ARIS GLORY,BULK,0.0,0.0,0.0,0.0,ZHOUSHAN
246,2024-02-24,09:32:26,440200114.0,126.49903626534021,37.331479595823474,49.1,4.47528,YI PENG 3,BULK,0.0,0.0,0.0,0.0,LIU HENG
247,2024-02-24,09:32:19,440200130.0,126.32572167,36.82647,331.5,0.0,SHIN DER YIH NO.168,ETC,90.0,16.0,10.0,13.0,
248,2024-02-24,09:32:21,440200144.0,126.41953167,37.016325,187.1,0.0,THEOMETOR,BULK,20.0,12.0,4.0,4.0,ID MUB
249,2024-02-24,09:32:12,440200179.0,126.51495,36.33011667,8.4,0.0,RUN JIU 8,CHEMICAL_TANKER,17.0,34.0,7.0,2.0,CHUAN SHAN
250,2024-02-24,09:32:21,440200185.0,126.41934667,37.016355,267.2,0.0,SITC MAKASSAR,CONTAINER,6.0,20.0,1.0,2.0,CN SHA
251,2024-02-24,09:32:08,440200216.0,126.4699582365923,35.99962088385489,343.1,4.32096,SUN ORION,CHEMICAL_TANKER,0.0,0.0,0.0,0.0,KR USN
252,2024-02-24,09:32:21,440200290.0,126.41687333,37.01654167,225.6,0.0,CASANOVA,BULK,0.0,0.0,0.0,0.0,CN ZOS
253,2024-02-24,09:32:05,440201540.0,126.47668167,35.78501,0.0,0.0,EBBA MAERSK,CONTAINER,6.0,18.0,2.0,2.0,AEJAL > CNNBG
254,2024-02-24,09:32:26,440204370.0,126.60059667,37.34643667,291.4,0.0,SHANG DE FU,BULK,11.0,20.0,7.0,2.0,ZHOUSHAN
255,2024-02-24,09:32:20,440205760.0,125.79437128091976,36.91892858457516,272.6,0.05144,MSC CARPATHIA III,CONTAINER,6.0,5.0,2.0,2.0,CNDLC
256,2024-02-24,09:32:14,440205830.0,126.51768,36.43891333,224.6,0.0,BERGE NANGA PARBAT,BULK,0.0,0.0,0.0,0.0,"BEILUN,CN"
257,2024-02-24,09:32:21,440206110.0,126.41714667,37.01628167,0.0,0.0,SITC YOKOHAMA,CONTAINER,0.0,0.0,0.0,0.0,CN NGB
258,2024-02-24,09:32:21,440207460.0,126.42023,37.01550167,0.0,0.0,LOMALO,ETC,0.0,0.0,0.0,0.0,MASHR
259,2024-02-24,09:32:22,440208000.0,126.58066037495766,37.10636499822009,119.1,4.32096,ORIENTAL SOURCES,CARGO,96.0,25.0,10.0,17.0,KH  SHV
260,2024-02-24,09:32:12,440208370.0,126.51483167,36.32996167,91.8,0.0,OCEAN DRAGON,CONTAINER,21.0,19.0,6.0,2.0,ZHOU SHAN L1
261,2024-02-24,09:32:11,440208750.0,126.31276321408686,36.20878279414414,123.2,2.2119199999999997,SPAR RIGEL,BULK,0.0,0.0,0.0,0.0,LANQIAO
262,2024-02-24,09:32:21,440208980.0,126.42000566868136,37.015920576627,263.3,0.10288,POLARIS,CHEMICAL_TANKER,0.0,0.0,0.0,0.0,KR TSN
263,2024-02-24,09:32:21,440209600.0,126.4202,37.0159,229.7,0.0,HUA DA,TUG,0.0,0.0,1.0,0.0,NANHAISHIHAO
264,2024-02-24,09:32:21,440209800.0,126.41671,37.015625,217.4,0.0,OSLO,PRODUCT_TANKER,0.0,0.0,0.0,0.0,JEJU OPL
265,2024-02-24,09:32:20,440209870.0,125.75569445820818,36.959276643873565,285.8,0.10288,FRONT ENDURANCE,TANKER,25.0,13.0,5.0,0.0,ZHOUSHAN
266,2024-02-24,09:32:21,440210040.0,126.42004667,37.01670333,199.4,0.0,CR TETHYS,CHEMICAL_TANKER,0.0,0.0,0.0,0.0,NINGBO
267,2024-02-24,09:32:21,440210530.0,126.41936167,37.01599833,0.0,0.0,AO TAI 2,PRODUCT_TANKER,7.0,11.0,3.0,2.0,
268,2024-02-24,09:32:10,440211550.0,126.31109942227158,36.136819877043166,42.0,4.21808,TAIMA STAR,RORO,0.0,0.0,0.0,0.0,KEELUNG
269,2024-02-24,09:32:21,440211790.0,126.41995,37.01586667,312.6,0.0,MELODY SELMER,BULK,0.0,0.0,0.0,0.0,CNZOS
270,2024-02-24,09:32:21,440213620.0,126.41897167,37.01674,353.9,0.0,BRILLIANT ADVANCE,BULK,0.0,0.0,0.0,0.0,CNZOS > COSCO DOCK
271,2024-02-24,09:32:21,440213660.0,126.41893118573056,37.01661411243869,151.5,0.10288,MARCOS V,CONTAINER,10.0,28.0,5.0,5.0,ZHOUSHAN
272,2024-02-24,09:32:16,440213910.0,125.92720414972865,36.59552090009303,126.9,2.3662399999999995,SHEN AO VIII,TUG,0.0,0.0,0.0,0.0,KEELUNG TAIWAN
273,2024-02-24,09:32:21,440214430.0,126.42005,37.01546667,217.7,0.0,ATHOS,CONTAINER,0.0,0.0,0.0,8.0,CNNGB
274,2024-02-24,09:32:21,440215090.0,126.42007167,37.01623167,210.4,0.0,PRINCESS ETERNITY,BULK,15.0,15.0,5.0,5.0,CN ZOS
275,2024-02-24,09:32:21,440215150.0,125.76050563807779,36.96384389156434,57.7,0.05144,AQUILA GLORY,CARGO,0.0,0.0,0.0,0.0,>KUV KR
276,2024-02-24,09:32:20,440215180.0,126.84549494580938,36.955353098742115,261.3,0.10288,JAG PARTH,CHEMICAL_TANKER,0.0,0.0,0.0,0.0,KR YOS
277,2024-02-24,09:32:21,440215970.0,126.41936667,37.01678333,208.8,0.0,HAI ZHI RUN 17,PRODUCT_TANKER,10.0,19.0,2.0,7.0,N B  ZHEN HAI
278,2024-02-24,09:32:12,440216090.0,126.41841006964438,36.28535070828017,59.0,3.8579999999999997,MSC FRANCESCA,CONTAINER,0.0,0.0,0.0,0.0,SGSIN
279,2024-02-24,09:32:11,440216170.0,126.31837778333028,36.203240387997774,83.2,4.01232,INTERASIA PURSUIT,CONTAINER,0.0,0.0,0.0,0.0,TW TXG
280,2024-02-24,09:32:11,440216210.0,126.31150149367936,36.210412259419805,114.5,3.3950399999999994,AAL NEWCASTLE,CARGO,0.0,0.0,0.0,0.0,ZHOUSHAN
281,2024-02-24,09:32:21,440218410.0,126.74608333,36.98685,76.3,0.0,TRUE COMPASS,BULK,1.0,347.0,28.0,48.0,AUPWL
282,2024-02-24,09:32:14,440218430.0,126.51020333,36.43421667,143.3,0.0,HAI WANG YI,PRODUCT_TANKER,15.0,20.0,5.0,5.0,TAICHUNG
283,2024-02-24,09:32:14,440218780.0,126.51013667,36.43423167,69.0,0.0,RO PRINCESS,RORO,15.0,20.0,5.0,5.0,CNZOS
284,2024-02-24,09:32:20,440219130.0,126.85678333,36.9412,197.3,0.0,HUA TUO,ETC,12.0,30.0,5.0,5.0,ZHOU SHAN
285,2024-02-24,09:32:08,440219320.0,126.58381773068447,35.977473573802506,117.3,4.1152,HUA NAN 5,LPG,0.0,0.0,0.0,0.0,ZHOU SHAN
286,2024-02-24,09:32:03,440220460.0,125.48873188644698,35.630153578840975,181.7,0.8744799999999999,HUA GAO,TUG,0.0,0.0,0.0,0.0,ZOS
287,2024-02-24,09:32:17,440221050.0,126.13183833,36.67417167,146.4,0.0,GRAMPUS BRAVE,BULK,0.0,0.0,0.0,0.0,SG SIN
288,2024-02-24,09:32:14,440222350.0,126.50921333,36.433555,176.1,0.0,MATSON MAUI,CONTAINER,20.0,15.0,5.0,5.0,CNNGB
289,2024-02-24,09:32:20,440223010.0,126.84546840758642,36.9554040250564,231.7,0.05144,EURYBIA,BULK,0.0,0.0,0.0,0.0,CN BEI
290,2024-02-24,09:32:11,440223080.0,126.30506082543107,36.2242176287548,254.2,0.20576,YUAN YANG HU,TANKER,0.0,0.0,0.0,0.0,CN NBO
291,2024-02-24,09:32:14,440223540.0,126.50993667,36.43439833,24.5,0.0,DUPLIC DYNAMIC,TANKER,15.0,20.0,5.0,5.0,ZOS CN
292,2024-02-24,09:32:05,440224270.0,126.05768505149035,35.79493181272681,50.0,4.166639999999999,OOCL MALAYSIA,CONTAINER,0.0,0.0,0.0,0.0,YAN
293,2024-02-24,09:32:21,440224790.0,126.74593333,36.986415,102.0,0.0,KAHLA,TANKER,0.0,0.0,0.0,0.0,CN ZOS
294,2024-02-24,09:32:21,440225060.0,126.41906667,37.01677667,63.0,0.0,ETOILE,CONTAINER,0.0,0.0,0.0,0.0,HAIPHONG
295,2024-02-24,09:32:21,440225870.0,126.41664833,37.015605,262.5,0.0,ZHONG GU DIZHONG HAI,CONTAINER,0.0,0.0,0.0,0.0,CNNGB
296,2024-02-24,09:32:07,440229000.0,125.77803090756876,35.9330628445036,187.7,6.43,NANDU ARROW,BULK,73.0,21.0,9.0,9.0,CNZOS
297,2024-02-24,09:32:24,440277000.0,125.96309,37.26549667,171.4,0.0,SHINAS MAX,BULK,0.0,0.0,0.0,0.0,LYG CHINA
298,2024-02-24,09:32:08,440290000.0,126.55151667,35.97506667,233.6,0.0,THEOMETOR,BULK,69.0,23.0,12.0,3.0,ID MUB
299,2024-02-24,09:32:23,440300830.0,126.11328648581635,37.16642522888456,308.5,0.20576,ZHENG YAO,BULK,0.0,0.0,0.0,0.0,IN ORDER
300,2024-02-24,09:32:08,440300860.0,126.56825644424924,35.98105635613741,262.4,4.3724,DING HENG 3,CHEMICAL_TANKER,7.0,23.0,4.0,4.0,NINGBO
301,2024-02-24,09:32:21,440302070.0,126.41693,37.01629,0.0,0.0,SUNRISE NO.168,PRODUCT_TANKER,22.0,18.0,4.0,5.0,HIGH SEA
302,2024-02-24,09:32:22,440304320.0,126.32394828592264,37.06029276590203,264.0,0.05144,SUPER FORTE,CHEMICAL_TANKER,80.0,35.0,4.0,14.0,JING JIANG
303,2024-02-24,09:32:07,440304710.0,125.40048186151395,35.98413548877414,179.7,3.2407199999999996,NCC QASSIM,CHEMICAL_TANKER,0.0,0.0,0.0,0.0,NINGBO
304,2024-02-24,09:32:23,440304820.0,126.11274667,37.16703167,121.6,0.0,VASILIY MALOV,CARGO,0.0,0.0,0.0,0.0,ZHOUSHAN CH
305,2024-02-24,09:32:20,440307810.0,126.20694864336018,36.90304277395982,245.3,0.05144,HUA DONG 88,ETC,0.0,0.0,0.0,0.0,ZHOSHAN
306,2024-02-24,09:32:21,440312520.0,126.419405,37.01596333,334.2,0.0,DUPLIC DYNAMIC,TANKER,0.0,0.0,0.0,0.0,ZOS CN
307,2024-02-24,09:32:18,440314480.0,125.3640502454145,36.782235378096686,292.0,4.732479999999999,MUROU,CARGO,0.0,0.0,0.0,0.0,CN ZOS
308,2024-02-24,09:32:22,440314850.0,126.38918246416544,37.050838007330235,186.7,0.05144,BONAVIA,BULK,28.0,9.0,4.0,4.0,TW TPE
309,2024-02-24,09:32:25,440315580.0,125.98358833,37.27765667,178.6,0.0,AN JI 26,PCC,100.0,27.0,15.0,17.0,NINGBO
310,2024-02-24,09:32:07,440315950.0,126.529279402768,35.93778212282372,19.3,0.10288,PACIFIC FRIEDA,BULK,4.0,7.0,2.0,2.0,"NINGBO,CHINA"
311,2024-02-24,09:32:20,440320620.0,126.83326667,36.95096667,170.1,0.0,SHI YUAN,PCC,0.0,0.0,0.0,0.0,MEI SHAN
312,2024-02-24,09:32:21,440321070.0,126.31580924646022,37.022553512702146,262.7,0.05144,CARLOS DRUMMOND DE A,TANKER,72.0,18.0,9.0,4.0,ZHOUSHAN-CHINA
313,2024-02-24,09:32:20,440325110.0,125.78857283794031,36.899138041575554,240.6,0.10288,KAHLA,TANKER,0.0,0.0,0.0,0.0,CN ZOS
314,2024-02-24,09:32:18,440325130.0,125.60631957206697,36.77764383421461,216.3,0.20576,NORTH GIANT,CHEMICAL_TANKER,0.0,0.0,0.0,0.0,ZHOUSHAN
315,2024-02-24,09:32:20,440325460.0,125.92898411924841,36.96428262136399,130.4,4.9382399999999995,BLISSFUL SEA,TANKER,0.0,0.0,0.0,0.0,CN ZHA
316,2024-02-24,09:32:18,440327660.0,126.131575,36.777205,148.4,0.0,YUAN YANG HU,TANKER,0.0,0.0,4.0,0.0,CN NBO
317,2024-02-24,09:32:20,440328420.0,126.83332167,36.95009833,174.3,0.0,BERGE ASAHIDAKE,BULK,16.0,20.0,3.0,5.0,ID BXT
318,2024-02-24,09:32:26,440329370.0,126.00873833,37.350585,208.3,0.0,GRACE BRIDGE,CONTAINER,0.0,0.0,0.0,0.0,KRKAN
319,2024-02-24,09:32:21,440330260.0,126.419,37.01582167,6.9,0.0,EVER OPTIMA,CONTAINER,0.0,0.0,0.0,0.0,TW TPE
320,2024-02-24,09:32:11,440332730.0,125.72437835151526,36.25231075443748,79.0,3.70368,SAEHAN ZENITH,LPG,0.0,0.0,8.0,0.0,CN NBG
321,2024-02-24,09:32:21,440333250.0,125.72554799767015,36.97723711770486,125.0,0.05144,INTERASIA HORIZON,CONTAINER,64.0,0.0,0.0,0.0,CNHKG
322,2024-02-24,09:32:16,440336280.0,125.42452776373901,36.6290527826867,0.9,4.01232,ZHONG LIANG YUAN HE,CARGO,10.0,15.0,2.0,3.0,TAI ZHOU
323,2024-02-24,09:32:21,440336820.0,126.41680167,37.01561833,172.4,0.0,BBC WASHINGTON,CARGO,0.0,0.0,0.0,0.0,CN ZOS
324,2024-02-24,09:32:21,440337110.0,126.42065231021597,37.01848472204968,177.8,0.05144,ANGARA,RORO,0.0,3.0,0.0,0.0,SINGAPORE
325,2024-02-24,09:32:07,440403290.0,126.4678045059388,35.91454046851521,71.9,4.52672,MELODY SELMER,BULK,0.0,0.0,0.0,0.0,CNZOS
326,2024-02-24,09:32:23,440403540.0,126.52489772396837,37.13094074544431,94.6,4.3724,CHANG HANG MA NAO,TANKER,86.0,39.0,15.0,5.0,ZHOUSHAN
327,2024-02-24,09:32:21,440427000.0,126.15228167,37.01935833,198.1,0.0,CLIPPER HONG KONG,BULK,93.0,27.0,3.0,17.0,CNZOS
328,2024-02-24,09:32:13,440467000.0,126.48223333,36.39865,161.0,0.0,RTM COLUMBUS,BULK,251.0,38.0,21.0,24.0,CN BEI
329,2024-02-24,09:32:12,440498000.0,126.32498000724249,36.327256187145245,337.9,2.16048,ATACAMA,CONTAINER,13.0,19.0,2.0,2.0,NINGBO PSTN
330,2024-02-24,09:32:21,440500084.0,126.0066912817919,37.02811176734127,95.9,0.05144,ALIANCA MANAUS,CONTAINER,0.0,0.0,0.0,0.0,TANJUNG PELEPAS
331,2024-02-24,09:32:07,440500192.0,126.50530296986695,35.975707298814314,65.4,6.481439999999999,RTM CABOT,BULK,0.0,0.0,0.0,0.0,CN XMN
332,2024-02-24,09:32:08,440500200.0,126.565365,35.975935,237.8,0.0,UNIONHOPE,BULK,0.0,0.0,0.0,0.0,CHXMN
333,2024-02-24,09:32:08,440500210.0,126.62390167,35.97722167,78.1,0.0,NAVIOS BONHEUR,BULK,0.0,0.0,0.0,0.0,CN QDG
334,2024-02-24,09:32:08,440500240.0,126.56501167,35.97566667,105.7,0.0,HUA WU,TUG,0.0,0.0,0.0,0.0,TAI ZHOU
335,2024-02-24,09:32:07,440500910.0,126.49675595590425,35.93305647207763,112.6,4.732479999999999,ARIS GLORY,BULK,0.0,0.0,0.0,0.0,ZHOUSHAN
336,2024-02-24,09:32:08,440500970.0,126.62315,35.9784,69.3,0.0,AVILA,BULK,15.0,14.0,3.0,6.0,CN DJK
337,2024-02-24,09:32:04,440501540.0,126.1101811447116,35.69304834295743,280.3,4.8868,OCEAN DRAGON,CONTAINER,0.0,0.0,0.0,0.0,ZHOU SHAN L1
338,2024-02-24,09:32:08,440502140.0,126.70086267571035,35.99222311355965,348.4,0.05144,RO PRINCESS,RORO,0.0,0.0,0.0,0.0,CNZOS
339,2024-02-24,09:32:08,440502370.0,126.70089833,35.99201667,308.4,0.0,KARAN,TANKER,0.0,0.0,0.0,0.0,AEKLF
340,2024-02-24,09:32:20,440502450.0,126.844885,36.955005,140.2,0.0,MASAL,TANKER,16.0,20.0,4.0,5.0,ZUS
341,2024-02-24,09:32:08,440502600.0,126.62393200573784,35.97727079195215,15.1,0.05144,HAI YUE 166,TUG,0.0,0.0,0.0,0.0,ZHOU SHAN
342,2024-02-24,09:32:07,440502850.0,126.35878701812643,35.953506347104806,100.6,7.8703199999999995,STOLT PRIDE,CHEMICAL_TANKER,0.0,0.0,0.0,0.0,CN NGB
343,2024-02-24,09:32:21,440503100.0,126.39913333,37.03708333,186.0,0.0,ONE MODERN,CONTAINER,97.0,21.0,5.0,14.0,CN NGB
344,2024-02-24,09:32:06,440503550.0,126.16694504394441,35.84138609622581,44.3,4.26952,HUA DONG 88,ETC,0.0,0.0,0.0,0.0,ZHOSHAN
345,2024-02-24,09:32:21,440503580.0,126.42061,37.01554167,0.0,0.0,YONGCHANGCHANGHANG,TANKER,0.0,0.0,0.0,0.0,TAI ZHOU
346,2024-02-24,09:32:09,440503980.0,126.33263544499944,36.07169318915945,137.5,4.21808,BERGE DHAULAGIRI,BULK,0.0,0.0,0.0,0.0,CN BEI
347,2024-02-24,09:32:03,440504120.0,126.4605957777771,35.619439773490306,47.6,4.423839999999999,BAO HONG 10,CARGO,0.0,0.0,0.0,0.0,WEF CN
348,2024-02-24,09:32:07,440504170.0,125.81091787687943,35.92785616532637,60.1,1.64608,TONG YEA NO.3,PRODUCT_TANKER,0.0,0.0,0.0,0.0,
349,2024-02-24,09:32:21,440504300.0,126.09556390242155,37.0661701610537,204.8,6.84152,HUA DA,TUG,91.0,21.0,5.0,14.0,NANHAISHIHAO
350,2024-02-24,09:32:07,440504330.0,126.53238162200624,35.93658440164827,20.0,0.05144,SHI YUAN,PCC,0.0,0.0,0.0,0.0,MEI SHAN
351,2024-02-24,09:32:23,440504560.0,126.20987204640129,37.158635547615006,185.0,0.10288,HERCULES LEADER,PCC,0.0,0.0,0.0,0.0,CN ZOS
352,2024-02-24,09:32:08,440504600.0,126.62379667,35.978325,352.7,0.0,MATSON MAUI,CONTAINER,0.0,0.0,0.0,0.0,CNNGB
353,2024-02-24,09:32:08,440504800.0,126.62313333,35.97831667,167.3,0.0,YUAN AN HU,PRODUCT_TANKER,18.0,23.0,7.0,5.0,NING BO
354,2024-02-24,09:32:08,440504860.0,126.62287833,35.97809667,290.0,0.0,ATLANTIC MUSE,CHEMICAL_TANKER,10.0,22.0,4.0,5.0,"ZHOUSHAN,CHINA"
355,2024-02-24,09:32:11,440504910.0,126.33090217533058,36.227542166061994,287.8,0.8744799999999999,KUN PENG,CHEMICAL_TANKER,0.0,0.0,0.0,0.0,OPL TAIPEI
356,2024-02-24,09:32:07,440505720.0,126.38439859204782,35.912766720780084,177.5,2.41768,PNX CONQUEROR,LPG,0.0,0.0,0.0,0.0,ULSAN
357,2024-02-24,09:32:09,440505770.0,125.83529902827314,36.0672392246423,94.0,1.85184,HAI ZHI RUN 17,PRODUCT_TANKER,0.0,0.0,0.0,0.0,N B  ZHEN HAI
358,2024-02-24,09:32:08,440505980.0,126.62240167,35.97825167,152.0,0.0,PACIFIC LOYALTY,TANKER,0.0,0.0,0.0,0.0,ZHOUSHAN CHINA
359,2024-02-24,09:32:11,440507120.0,126.31187059451189,36.23608981413355,195.5,0.46296,XING NING 75,BULK,0.0,0.0,0.0,0.0,ZHOUSHAN
360,2024-02-24,09:32:07,440507170.0,126.53163317966289,35.934492515076485,137.5,0.05144,KUN PENG,CHEMICAL_TANKER,0.0,0.0,0.0,0.0,OPL TAIPEI
361,2024-02-24,09:32:08,440507180.0,126.1907087901954,35.98565063845199,343.3,1.0288,EBBA MAERSK,CONTAINER,0.0,0.0,0.0,0.0,AEJAL > CNNBG
362,2024-02-24,09:32:08,440510250.0,126.68838333,36.00654333,335.7,0.0,CHANG HANG FEI CUI,PRODUCT_TANKER,0.0,0.0,0.0,0.0,KEELUNG  TAIWAN
363,2024-02-24,09:32:08,440510770.0,126.65848167,35.99158833,241.5,0.0,JIN HAI ZHENG,BULK,0.0,0.0,0.0,0.0,PEMANCINGAN
364,2024-02-24,09:32:06,440510790.0,125.5139228824586,35.89143543884697,184.7,3.75512,CHINACOASTGUARD2502,ETC,0.0,0.0,0.0,0.0,
365,2024-02-24,09:32:26,440525000.0,126.55996121430458,37.41268656219767,212.0,6.995839999999999,CHINA ENERGY,BULK,97.0,32.0,10.0,10.0,ZHOUSHAN
366,2024-02-24,09:32:22,440564000.0,126.40643333,37.04108333,340.0,0.0,CLIPPER HONG KONG,BULK,82.0,15.0,8.0,9.0,CNZOS
367,2024-02-24,09:32:08,440700310.0,126.18466103706923,35.982282687811434,307.0,4.78392,WAKATAKE MARU,ETC,0.0,0.0,0.0,0.0,>TW KEL
368,2024-02-24,09:32:20,440715600.0,126.85688333,36.94116667,78.7,0.0,YI CHEN 68,ETC,8.0,13.0,5.0,9.0,ZHOU SHAN
369,2024-02-24,09:32:21,440800498.0,126.81943459584221,36.99039825946964,127.4,0.20576,FPMC S AMBER,CHEMICAL_TANKER,0.0,0.0,0.0,0.0,"NINGBO,CN"
370,2024-02-24,09:32:08,440843000.0,126.566805,35.975815,282.4,0.0,NAN FENG ZHI XING,ETC,25.0,71.0,3.0,12.0,FOR  ORDERS
371,2024-02-24,09:32:21,441103000.0,126.40526367320113,37.03614174600175,140.0,0.05144,YM MATURITY,CONTAINER,73.0,24.0,4.0,12.0,CN NGB>CN XMN
372,2024-02-24,09:32:21,441198000.0,126.13768482021997,36.993040695329505,72.4,6.43,MOUNT GOWER,BULK,90.0,32.0,11.0,8.0,CNZOS
373,2024-02-24,09:32:21,441200000.0,126.82547,36.98099167,140.0,0.0,OOCL GENOA,CONTAINER,35.0,164.0,8.0,24.0,HKHKG>CNTXG
374,2024-02-24,09:32:20,441217000.0,126.85562501095694,36.94215169266218,358.3,0.05144,YUSHO MERMAID 2,CARGO,15.0,26.0,6.0,6.0,JP OSA
375,2024-02-24,09:32:25,441283000.0,126.629905,37.341655,131.2,0.0,YUN DING 22,CHEMICAL_TANKER,112.0,29.0,18.0,7.0,C J K
376,2024-02-24,09:32:21,441347000.0,126.72877082436987,36.989660721447315,295.1,0.05144,XING LONG ZHOU  998,TANKER,87.0,23.0,6.0,11.0,ZHOU SHAN
377,2024-02-24,09:32:21,441361000.0,126.34336156310046,37.00800555567722,158.0,0.05144,HENG HUI YONG SHENG,CHEMICAL_TANKER,90.0,21.0,8.0,10.0,ZHOUSHAN
378,2024-02-24,09:32:25,441587000.0,126.41403820680063,37.32344421586826,169.0,0.15431999999999998,EVER SALUTE,CONTAINER,94.0,18.0,9.0,9.0,TW KHH > CN NGB
379,2024-02-24,09:32:21,441601000.0,126.40001,37.02033,52.3,0.0,BULAN,BULK,107.0,21.0,10.0,10.0,KEELUNG
380,2024-02-24,09:32:17,441663000.0,126.13284167,36.674425,0.0,0.0,OSG BOSSTEC,CONTAINER,0.0,0.0,0.0,0.0,KEL
381,2024-02-24,09:32:22,441674000.0,126.51054,37.06504333,0.0,0.0,NEW BLISS,BULK,195.0,30.0,16.0,16.0,JP KNM OFF
382,2024-02-24,09:32:08,441735000.0,126.566445,35.97621667,278.5,0.0,EVER FORTUNE,CARGO,0.0,0.0,0.0,0.0,CN DMY
383,2024-02-24,09:32:12,441755000.0,126.34526836551836,36.29642694154945,329.3,2.10904,GLORY VOYAGER,CARGO,8.0,30.0,5.0,5.0,NINGBO
384,2024-02-24,09:32:21,441765000.0,126.72339167,36.99107333,106.9,0.0,SONGA BREEZE,CHEMICAL_TANKER,67.0,14.0,6.0,7.0,SINGAPORE
385,2024-02-24,09:32:17,441810000.0,126.20082830037768,36.67916339109956,250.7,0.05144,HAIFENG 618,CARGO,10.0,12.0,3.0,3.0,ZHOU SHAN CN
386,2024-02-24,09:32:21,441890000.0,126.31495167,37.02816865370946,0.0,0.05144,CSC RISINGSUN,PRODUCT_TANKER,83.0,23.0,9.0,8.0,MAZHI
387,2024-02-24,09:32:21,441967000.0,126.35673333,37.022725,0.0,0.0,WAN HAI 622,CONTAINER,71.0,21.0,12.0,3.0,CNNGB
388,2024-02-24,09:32:22,441969000.0,126.50287202626372,37.06771130373629,135.0,0.05144,COSCO PLANET,CONTAINER,252.0,37.0,25.0,20.0,CNTAO
389,2024-02-24,09:32:22,441984000.0,126.3048104678157,37.064745749732985,55.3,5.81272,DING HENG 3,CHEMICAL_TANKER,92.0,23.0,9.0,9.0,NINGBO
390,2024-02-24,09:32:20,477097100.0,126.84670667,36.95044667,32.5,0.0,KMTC DUBAI,CONTAINER,95.0,22.0,10.0,10.0,CNZOS
391,2024-02-24,09:32:22,477143800.0,126.31333254382712,37.08063277124599,235.0,7.304479999999999,GLORIOUS SAKURA,ETC,96.0,21.0,13.0,7.0,ID KUM
392,2024-02-24,09:32:21,477217100.0,126.13811667,37.01743333,184.0,0.0,PYXIS KARTERIA,PRODUCT_TANKER,75.0,23.0,4.0,12.0,KRUSN
393,2024-02-24,09:32:21,477454300.0,126.72473167,36.990855,122.3,0.0,OCEAN LORD,BULK,158.0,27.0,7.0,21.0,CN LYG
394,2024-02-24,09:32:18,477548900.0,125.36632385045388,36.78511599909807,263.6,5.967039999999999,WAN HAI 277,CONTAINER,130.0,42.0,14.0,14.0,KR INC
395,2024-02-24,09:32:21,477833200.0,126.75863333,36.98430167,83.5,0.0,CSBC NO.12,TUG,171.0,29.0,19.0,13.0,KHH
396,2024-02-24,09:32:25,477858900.0,126.403735,37.32260833,194.2,0.0,ZHE NENG 2,BULK,147.0,33.0,19.0,13.0,YUE QING
397,2024-02-24,09:32:21,538003357.0,126.78254833,36.99845833,186.1,0.0,DD VIGILANT,BULK,290.0,55.0,35.0,19.0,CN GZG
398,2024-02-24,09:32:22,538004739.0,126.20556833,37.07118,187.3,0.0,XING TONG 16,CHEMICAL_TANKER,161.0,29.0,8.0,24.0,NING BO
399,2024-02-24,09:32:22,538005907.0,126.22020505136705,37.06407796636604,177.4,0.30863999999999997,JIAN YANG HONG,BULK,142.0,30.0,15.0,18.0,CN ZHOUSHAN
400,2024-02-24,09:32:22,538006065.0,126.19683167,37.04845667,153.9,0.0,MARAN EXPLORER,BULK,200.0,29.0,13.0,20.0,CN ZOS
401,2024-02-24,09:32:21,538007229.0,126.71238167,36.99599667,140.2,0.0,YUAN AN HU,PRODUCT_TANKER,257.0,43.0,21.0,29.0,NING BO
402,2024-02-24,09:32:08,538007542.0,126.08470667,36.04612167,192.1,0.0,HESTIA LEADER,PCC,194.0,35.0,14.0,24.0,TW TPE
403,2024-02-24,09:32:08,538008129.0,126.10772093953555,36.02780711701113,159.1,0.05144,CSBC NO.12,TUG,249.0,43.0,14.0,31.0,KHH
404,2024-02-24,09:32:09,538008450.0,125.51635644909499,36.11111935236628,280.0,0.46296,CHANG AN ZHOU,PRODUCT_TANKER,194.0,31.0,16.0,16.0,ZHOU SHAN
405,2024-02-24,09:32:12,538008854.0,126.4440912057493,36.28016523347893,224.9,0.05144,NAN YU 7,LPG,128.0,25.0,22.0,8.0,ZHOUSHAN
406,2024-02-24,09:32:12,538008862.0,126.45282,36.29349833,144.0,0.0,HE FU,BULK,128.0,25.0,22.0,8.0,TAIPEI
407,2024-02-24,09:32:21,538008984.0,126.17339167,37.03024333,116.3,0.0,WAN HAI 622,CONTAINER,169.0,30.0,11.0,21.0,CNNGB
408,2024-02-24,09:32:19,538008997.0,125.4844019192018,36.8833201712332,94.9,6.018479999999999,CAPE MERLIN,BULK,173.0,33.0,8.0,24.0,CN ZOS
409,2024-02-24,09:32:24,538009150.0,126.42800660385176,37.23885085044178,156.1,0.05144,MSC MARINA,CONTAINER,190.0,35.0,13.0,20.0,CNZOS
410,2024-02-24,09:32:21,538009342.0,126.10768333,37.02455667,140.7,0.0,BAO YUE LING,BULK,256.0,36.0,30.0,15.0,NING BO
411,2024-02-24,09:32:07,538009597.0,126.53187667,35.9741,166.8,0.0,BBC EDGE,CARGO,197.0,28.0,20.0,12.0,KRMAS>SGSIN
412,2024-02-24,09:32:24,538009702.0,126.427834741233,37.24231177544786,128.7,0.05144,HUA DONG YUAN 2,ETC,249.0,43.0,28.0,17.0,
413,2024-02-24,09:32:22,538009948.0,126.22551,37.08282,322.0,0.0,NORTHERN MONUMENT,CONTAINER,172.0,28.0,19.0,13.0,CNXMN>CNZOS
414,2024-02-24,09:32:13,538010155.0,125.34035,36.38132,206.6,0.0,UNION GLORY,CARGO,193.0,32.0,20.0,12.0,CN NBG
415,2024-02-24,09:32:21,538010393.0,126.76715833,36.98147167,161.5,0.0,SHUN YUAN 18,LPG,154.0,28.0,11.0,19.0,DONG YING
416,2024-02-24,09:32:07,538010680.0,126.32726691015444,35.961971131262004,265.6,5.81272,GJERTRUD MAERSK,CONTAINER,150.0,28.0,20.0,10.0,CNSGH>CNYAT
417,2024-02-24,09:32:24,538010693.0,126.22125051222491,37.24067324766057,208.3,9.31064,MARAN EXPLORER,BULK,145.0,41.0,24.0,11.0,CN ZOS
418,2024-02-24,09:32:21,563108600.0,126.32791833,37.00304167,109.7,0.0,DUNE,TANKER,148.0,35.0,11.0,24.0,FOR ORDER
419,2024-02-24,09:32:06,563179200.0,125.30356061332299,35.819134522549525,211.3,6.53288,RUN JIU 8,CHEMICAL_TANKER,208.0,42.0,15.0,29.0,CHUAN SHAN
420,2024-02-24,09:32:20,563200400.0,126.83937333,36.96155,118.2,0.0,NORTHERN MONUMENT,CONTAINER,180.0,20.0,14.0,17.0,CNXMN>CNZOS
421,2024-02-24,09:32:21,563689000.0,126.79206681515844,36.99379237430391,143.1,0.05144,HAI YUE 167,TUG,189.0,41.0,23.0,14.0,ZHOU SHAN
422,2024-02-24,09:32:26,564079000.0,126.52175544535228,37.35287124561571,211.0,7.92176,DA CHI,PRODUCT_TANKER,17.0,120.0,11.0,11.0,NING BO
423,2024-02-24,09:32:07,565063000.0,126.47263594709602,35.96553973703466,253.5,5.401199999999999,POLARIS,CHEMICAL_TANKER,80.0,18.0,10.0,9.0,KR TSN
424,2024-02-24,09:32:10,567274000.0,125.83325863484036,36.13173954085555,171.0,6.37856,SM EMERALD,BULK,160.0,30.0,15.0,17.0,NCTUD
425,2024-02-24,09:32:22,613904000.0,125.48212945492116,37.05881711759145,340.8,0.05144,HUA LE 8,CARGO,56.0,20.0,8.0,4.0,VN NGH
426,2024-02-24,09:32:22,636015034.0,126.149165,37.05266833,149.2,0.0,SEATTLE,BULK,194.0,31.0,13.0,19.0,AU PHE
427,2024-02-24,09:32:25,636015481.0,126.6335779186924,37.34137923442066,102.2,0.05144,IOLI,BULK,130.0,42.0,20.0,7.0,CN HUH
428,2024-02-24,09:32:21,636016112.0,126.33925167,37.00581667,342.9,0.0,KAN TAN 226,TUG,100.0,15.0,6.0,10.0,DONGHAI OILFIELD
429,2024-02-24,09:32:21,636016351.0,126.14739667,37.03100333,60.1,0.0,JAG ALAIA,BULK,257.0,43.0,29.0,21.0,ZHOUSHAN
430,2024-02-24,09:32:21,636016824.0,126.43159167,37.01377167,246.4,0.0,SCF IRTYSH,CHEMICAL_TANKER,165.0,25.0,21.0,11.0,TWTXG
431,2024-02-24,09:32:21,636017768.0,126.4291182520454,37.01452533349125,134.5,0.05144,IOLI,BULK,131.0,41.0,6.0,21.0,CN HUH
432,2024-02-24,09:32:21,636020587.0,126.70864247575805,36.99795882500136,146.0,0.05144,JIAN XIANG,BULK,260.0,29.0,25.0,20.0,CN ZHOUSHAN
433,2024-02-24,09:32:21,636020697.0,126.76570667,36.981895,118.2,0.0,DEHANG,CHEMICAL_TANKER,185.0,15.0,15.0,17.0,OPEN SEA
434,2024-02-24,09:32:22,636020879.0,126.18433998718068,37.04304512266351,4.6,0.05144,FENG HAI 30,CHEMICAL_TANKER,156.0,27.0,21.0,11.0,ZHOU SHAN
435,2024-02-24,09:32:24,636020997.0,126.42792667,37.24663167,359.0,0.0,NAN FENG ZHI XING,ETC,261.0,31.0,23.0,23.0,FOR  ORDERS
436,2024-02-24,09:32:21,636021037.0,126.33982833,37.00696833,132.5,0.0,SM GOSEONG,BULK,182.0,43.0,18.0,18.0,TABONEO INDONESIA
437,2024-02-24,09:32:08,636021148.0,126.58833333,35.97666667,130.0,0.0,JIN ZHAO 11,CARGO,169.0,31.0,10.0,22.0,
438,2024-02-24,09:32:22,636021775.0,126.36782159952729,37.04276491640393,347.5,0.15431999999999998,HONG HENG 168,PRODUCT_TANKER,93.0,17.0,3.0,14.0,TIAN JIN
439,2024-02-24,09:32:21,636021861.0,126.26411596191359,36.993003483134295,292.4,0.05144,FLAG FILIA,BULK,278.0,55.0,34.0,26.0,"SAMARINDA,INDO"
440,2024-02-24,09:32:25,636022827.0,126.25780453906864,37.285258774812156,211.3,3.3950399999999994,EVER SALUTE,CONTAINER,274.0,56.0,27.0,33.0,TW KHH > CN NGB
441,2024-02-24,09:32:18,636023466.0,125.46700123391034,36.79129215101071,270.1,4.423839999999999,LAKE DESPINA,BULK,262.0,38.0,19.0,31.0,ID SRI
442,2024-02-24,09:32:21,636023470.0,126.71524833,36.99465333,313.1,0.0,AMINA,BULK,196.0,33.0,24.0,12.0,ZHOUSHAN(CHINA)
443,2024-02-24,09:32:06,636023755.0,125.76641510811483,35.86700021815168,328.2,6.43,ALBANY PIONEER,ETC,105.0,21.0,6.0,15.0,CNNTG
444,2024-02-24,09:32:23,667001857.0,126.48414388128292,37.153190831821085,286.7,0.05144,XIN MING ZHOU 98,CONTAINER,77.0,10.0,6.0,7.0,CN NBG
445,2024-02-24,09:32:22,667001995.0,125.54314,37.09242333,181.1,0.0,ZHONG LIANG HONG JIA,CARGO,59.0,12.0,6.0,6.0,TAI ZHOU
446,2024-02-24,09:32:06,667003019.0,126.08501029271694,35.86742681833799,235.9,4.989679999999999,TRUONGMINHPROSPERITY,BULK,68.0,19.0,7.0,6.0,TANAH KUNING
447,2024-02-24,09:32:23,667003311.0,126.47163022671488,37.152387017606465,252.3,0.05144,MSC LAUSANNE VI,CONTAINER,101.0,21.0,6.0,12.0,ZHOUSHAN ANCHORAGE
448,2024-02-24,09:32:07,671095100.0,126.61814248890742,35.97322135635897,25.5,0.05144,GOLDEN DUKE,BULK,72.0,15.0,12.0,1.0,CN LSN
449,2024-02-24,09:32:07,671251100.0,126.45271510342991,35.93928367945814,139.2,0.10288,SM EMERALD,BULK,66.0,16.0,7.0,6.0,NCTUD
450,2024-02-24,09:32:21,671338100.0,126.74837589726833,36.990457638920866,297.3,4.732479999999999,JING SHUN,BULK,83.0,21.0,7.0,8.0,TAIPEI
451,2024-02-24,09:32:23,677069100.0,125.4577234603755,37.11366285970675,191.3,0.2572,DA CHI,PRODUCT_TANKER,52.0,15.0,5.0,7.0,NING BO
