Date,Time,MMSI,Lon,Lat,COG,SOG,VesselName,VesselType,DimA,DimB,DimC,DimD
2024-02-24,09:32:13,215150000.0,126.47830071313564,36.38945706258336,161.1,0.05144,DING HENG 3,CHEMICAL_TANKER,251.0,41.0,29.0,16.0
2024-02-24,09:32:10,229178000.0,125.86200070833625,36.17421754295521,299.1,0.66872,MARCOS V,CONTAINER,192.0,37.0,19.0,13.0
2024-02-24,09:32:21,229650000.0,126.11516667,37.03752167,163.1,0.0,ANTARES,ETC,240.0,50.0,21.0,24.0
2024-02-24,09:32:22,235113772.0,126.16846667,37.07291333,193.1,0.0,ONISILOS,TANKER,147.0,36.0,23.0,9.0
2024-02-24,09:32:20,241058000.0,126.24276667,36.91633333,174.0,0.0,FORTUNA,ETC,248.0,44.0,15.0,30.0
2024-02-24,09:32:07,249883000.0,126.3674003299806,35.93404688030709,138.6,0.05144,NAVIOS HELIOS,BULK,160.0,25.0,20.0,12.0
2024-02-24,09:32:13,265012000.0,125.84875406441594,36.41591978408603,188.6,9.722159999999999,ZJE OCEAN 1,BULK,34.0,166.0,5.0,31.0
2024-02-24,09:32:21,311000130.0,126.13558366250746,37.0016425602226,152.2,0.10288,YM MATURITY,CONTAINER,249.0,43.0,16.0,29.0
2024-02-24,09:32:22,311001197.0,126.18199198870644,37.08151587246422,172.7,0.05144,CARLOS DRUMMOND DE A,TANKER,152.0,28.0,19.0,11.0
2024-02-24,09:32:23,312045000.0,126.45834062688711,37.14806095525493,201.4,0.05144,XT BRIGHTNESS,CHEMICAL_TANKER,62.0,14.0,6.0,6.0
2024-02-24,09:32:03,312282000.0,125.75244710569199,35.64872599258444,218.8,5.401199999999999,EVER LEADER,CONTAINER,68.0,12.0,10.0,4.0
2024-02-24,09:32:26,312338000.0,126.56105051935599,37.408898194775084,30.7,4.83536,CHANG JING 7,ETC,119.0,21.0,10.0,10.0
2024-02-24,09:32:23,312379000.0,126.46454419354728,37.149788099771094,72.1,0.05144,PERISTIL,BULK,60.0,15.0,8.0,4.0
2024-02-24,09:32:21,312433000.0,125.64993610256636,37.01198656131796,280.2,6.018479999999999,GJERTRUD MAERSK,CONTAINER,70.0,28.0,8.0,8.0
2024-02-24,09:32:21,312483000.0,126.730535,36.98918833,81.2,0.0,SUPER FORTE,CHEMICAL_TANKER,61.0,15.0,6.0,6.0
2024-02-24,09:32:21,312575000.0,126.0487366900328,36.99178234738324,266.8,4.8868,JAG ALAIA,BULK,54.0,20.0,8.0,4.0
2024-02-24,09:32:14,312828000.0,125.67435642064086,36.46114566171218,224.0,4.989679999999999,HONGTAI58,CARGO,77.0,20.0,8.0,8.0
2024-02-24,09:32:21,312922000.0,126.42427,37.01524333,0.0,0.0,XIN HAI ZHOU 28,BULK,76.0,15.0,10.0,6.0
2024-02-24,09:32:22,334037000.0,125.53986833,37.11031333,215.3,0.0,FODASEVEN,CARGO,60.0,9.0,5.0,7.0
2024-02-24,09:32:23,352001302.0,126.4916,37.15876333,11.6,0.0,MOUNT BROAD PEAK,BULK,68.0,12.0,10.0,3.0
2024-02-24,09:32:16,352001491.0,125.93524538040788,36.585050237165404,11.0,6.1728,RUN ZE 11,PRODUCT_TANKER,112.0,22.0,15.0,5.0
2024-02-24,09:32:11,352001895.0,125.36467337413676,36.26352571484668,312.2,5.60696,MONONOK,ETC,76.0,20.0,12.0,4.0
2024-02-24,09:32:25,352002399.0,126.53793436912453,37.32443845870967,265.1,6.8929599999999995,JIAN XIANG,BULK,120.0,27.0,15.0,8.0
2024-02-24,09:32:23,352002815.0,126.441755,37.15097667,226.6,0.0,NISSOS DONOUSSA,TANKER,121.0,25.0,7.0,14.0
2024-02-24,09:32:07,352003228.0,126.622395,35.97093833,91.6,0.0,OCEAN LORD,BULK,79.0,20.0,5.0,13.0
2024-02-24,09:32:23,352170000.0,126.15057667416103,37.14942246878138,214.9,6.635759999999999,COSCO PLANET,CONTAINER,229.0,44.0,20.0,26.0
2024-02-24,09:32:25,352549000.0,126.24232703780017,37.25964570845067,225.8,10.0308,ZHONG TAN HAI,BULK,30.0,166.0,6.0,22.0
2024-02-24,09:32:08,352604000.0,126.0593322847484,36.02764737851529,166.8,0.05144,HONG RUN 27,ETC,192.0,33.0,21.0,11.0
2024-02-24,09:32:20,352986195.0,126.2355,36.91245,151.0,0.0,CIMARRON,PRODUCT_TANKER,194.0,31.0,21.0,11.0
2024-02-24,09:32:22,353090000.0,126.22687912077902,37.07214473637287,227.9,0.46296,ZHONG GU YIN CHUAN,CONTAINER,196.0,33.0,16.0,16.0
2024-02-24,09:32:13,353708000.0,126.48516667,36.40408333,201.0,0.0,MSC MAUREEN,CONTAINER,167.0,20.0,12.0,19.0
2024-02-24,09:32:26,353810000.0,126.56244833,37.39789,173.2,0.0,ZHONG GU YIN CHUAN,CONTAINER,74.0,23.0,7.0,9.0
2024-02-24,09:32:22,354139000.0,126.16437480688252,37.03926828604002,217.6,0.05144,ORIENTAL SOURCES,CARGO,130.0,27.0,8.0,16.0
2024-02-24,09:32:22,354663000.0,126.39112487172018,37.044841028958004,154.0,0.10288,CSC RISINGSUN,PRODUCT_TANKER,99.0,25.0,14.0,6.0
2024-02-24,09:32:22,355410000.0,126.17705333,37.05692833,166.8,0.0,ADAMASTOS,CONTAINER,199.0,30.0,12.0,20.0
2024-02-24,09:32:22,355616000.0,126.39506333,37.04052667,159.0,0.0,SM EMERALD,BULK,85.0,17.0,8.0,9.0
2024-02-24,09:32:20,356110000.0,126.840266087292,36.94454550905893,158.3,0.05144,HUA YUN,PRODUCT_TANKER,158.0,32.0,22.0,10.0
2024-02-24,09:32:21,356411000.0,126.76294333,36.98289667,291.6,0.0,SEAWAYS LIBERTY,TANKER,150.0,46.0,22.0,10.0
2024-02-24,09:32:23,356644000.0,126.56391532038258,37.118834816486455,300.7,4.06376,YM UNIFORMITY,CONTAINER,35.0,150.0,22.0,6.0
2024-02-24,09:32:20,356828000.0,126.84335833,36.95545167,71.8,0.0,YI CHEN 78,ETC,28.0,161.0,7.0,22.0
2024-02-24,09:32:07,357040000.0,126.52705,35.97377333,131.1,0.0,NORTHERN MONUMENT,CONTAINER,157.0,23.0,20.0,10.0
2024-02-24,09:32:21,357344000.0,126.72712833,36.99013667,0.0,0.0,SEAPEAK PAN,LPG,78.0,20.0,9.0,9.0
2024-02-24,09:32:21,357492000.0,126.396925,37.02059167,258.3,0.0,ATHOS,CONTAINER,147.0,36.0,8.0,24.0
2024-02-24,09:32:19,370758000.0,125.36150311179371,36.849140666180915,113.5,0.05144,MOUNT ITA,BULK,280.0,56.0,36.0,24.0
2024-02-24,09:32:22,371360000.0,126.19356667,37.09139833,156.9,0.0,DE QIN 37,ETC,210.0,25.0,26.0,17.0
2024-02-24,09:32:22,371589000.0,126.3755,37.04431667,198.0,0.0,XYMG NOBLE,BULK,102.0,22.0,14.0,5.0
2024-02-24,09:32:21,371718000.0,126.12852418494211,37.026767619735125,145.1,0.05144,HONG KUN MEI GUI,CARGO,251.0,41.0,25.0,20.0
2024-02-24,09:32:21,372092000.0,126.732645,36.98879333,256.3,0.0,OCEAN LORD,BULK,181.0,19.0,23.0,9.0
2024-02-24,09:32:20,374522000.0,126.23876766120404,36.91396040361009,162.2,0.05144,SITC MAKASSAR,CONTAINER,233.0,40.0,14.0,32.0
2024-02-24,09:32:21,412380030.0,126.35386333,37.02127833,166.9,0.0,ADAMASTOS,CONTAINER,19.0,67.0,2.0,11.0
2024-02-24,09:32:21,412477750.0,126.34862667,37.01880667,121.9,0.0,WAN HAI 277,CONTAINER,77.0,22.0,13.0,3.0
2024-02-24,09:32:22,413298170.0,126.13659945963657,37.04241992592542,150.9,0.10288,MSC ADELAIDE,CONTAINER,79.0,21.0,3.0,12.0
2024-02-24,09:32:21,413378970.0,126.35828333,37.02331667,198.0,0.0,XIN YAN TIAN,CONTAINER,85.0,23.0,12.0,5.0
2024-02-24,09:32:25,413453650.0,126.63516191627774,37.3416072550731,142.1,0.05144,ZHEN ZHU HAI,BULK,129.0,14.0,18.0,5.0
2024-02-24,09:32:23,414240000.0,126.17227004993661,37.165077385220364,210.0,6.1728,KOTA CABAR,CONTAINER,194.0,17.0,17.0,15.0
2024-02-24,09:32:08,414283000.0,126.14053180702388,36.0275918422551,0.0,0.05144,CHANG AN ZHOU,PRODUCT_TANKER,195.0,30.0,11.0,21.0
2024-02-24,09:32:09,414387000.0,126.11850667,36.05352333,343.1,0.0,BAO YUE LING,BULK,192.0,33.0,15.0,17.0
2024-02-24,09:32:08,419000984.0,126.55341108007644,35.975159081595955,141.9,0.05144,PERISTIL,BULK,205.0,24.0,9.0,23.0
2024-02-24,09:32:21,419001562.0,126.40709667,37.02300667,256.5,0.0,MOUNT GOWER,BULK,203.0,41.0,25.0,17.0
2024-02-24,09:32:13,419745000.0,125.36716667,36.41215,190.0,0.0,ZHELINGYUYUN31007,ETC,189.0,39.0,20.0,12.0
2024-02-24,09:32:22,440000110.0,126.39397667,37.11277333,0.0,0.0,TIAN HAO 18,BULK,24.0,0.0,3.0,3.0
2024-02-24,09:32:21,440000218.0,126.4199324223289,37.01629803180908,80.8,0.05144,BALTRUM,CONTAINER,8.0,15.0,2.0,2.0
2024-02-24,09:32:26,440000446.0,126.54858665883035,37.362341375160945,15.6,0.05144,WAKATAKE MARU,ETC,80.0,6.0,14.0,12.0
2024-02-24,09:32:26,440000449.0,126.542585,37.409045,331.9,0.0,MING XI JIU YUE,BULK,68.0,11.0,12.0,12.0
2024-02-24,09:32:26,440000463.0,126.56562667,37.36799833,30.2,0.0,EVER FEAT,CONTAINER,1.0,1.0,0.0,0.0
2024-02-24,09:32:26,440000464.0,126.53369667,37.40403,280.4,0.0,BBC WASHINGTON,CARGO,72.0,12.0,15.0,15.0
2024-02-24,09:32:25,440000465.0,126.16963882544074,37.320907810386736,261.4,4.3724,SASCO ANGARA,CONTAINER,82.0,4.0,0.0,20.0
2024-02-24,09:32:26,440000468.0,126.52158667,37.39747,25.7,0.0,GUO YUAN 12,BULK,0.0,0.0,0.0,0.0
2024-02-24,09:32:24,440000472.0,125.96409667,37.26563,70.8,0.0,PROGRESS V,TANKER,13.0,90.0,11.0,11.0
2024-02-24,09:32:25,440000475.0,125.98449167,37.27730667,245.2,0.0,VIRA BHUM,CONTAINER,100.0,10.0,4.0,5.0
2024-02-24,09:32:21,440000690.0,126.00951734823336,37.03124369243396,257.4,0.15431999999999998,STOLT PRIDE,CHEMICAL_TANKER,14.0,10.0,3.0,7.0
2024-02-24,09:32:21,440001600.0,126.45301065110833,37.00555040084761,164.8,0.05144,SUN ORION,CHEMICAL_TANKER,0.0,8.0,0.0,0.0
2024-02-24,09:32:21,440002140.0,126.74735,36.98688333,227.0,0.0,ALIANCA MANAUS,CONTAINER,10.0,28.0,6.0,4.0
2024-02-24,09:32:24,440002180.0,126.32264484666314,37.2441345293754,354.6,0.10288,SHI YUAN,PCC,0.0,0.0,0.0,0.0
2024-02-24,09:32:11,440002200.0,126.37359542205226,36.24473603039685,333.9,0.41152,ZHOU DU 12,ETC,5.0,15.0,3.0,3.0
2024-02-24,09:32:26,440002260.0,126.666825,37.34976667,157.2,0.0,GERDT OLDENDORFF,BULK,0.0,0.0,0.0,0.0
2024-02-24,09:32:24,440002310.0,126.42747,37.24698,87.7,0.0,NINGHUA 419,CHEMICAL_TANKER,14.0,20.0,5.0,5.0
2024-02-24,09:32:15,440002440.0,125.90255272598075,36.56226779787208,182.0,4.6296,QIFAN9,ETC,62.0,30.0,10.0,4.0
2024-02-24,09:32:17,440002470.0,126.13322667,36.67417667,343.0,0.0,EVER OPTIMA,CONTAINER,0.0,0.0,0.0,0.0
2024-02-24,09:32:22,440003570.0,126.39765902094074,37.093656159303166,346.5,4.32096,TIAN YING ZUO,TANKER,0.0,0.0,0.0,0.0
2024-02-24,09:32:07,440004000.0,126.61312622278896,35.967615087804994,43.3,1.90328,FENG HAI 30,CHEMICAL_TANKER,0.0,0.0,0.0,0.0
2024-02-24,09:32:25,440004700.0,126.57631167,37.302975,22.2,0.0,YONGCHANGCHANGHANG,TANKER,0.0,0.0,0.0,0.0
2024-02-24,09:32:20,440004880.0,126.83324167,36.95014667,221.2,0.0,SEA SPIRIT,BULK,0.0,0.0,0.0,0.0
2024-02-24,09:32:22,440005120.0,126.39649680785219,37.050088083878556,3600.0,0.05144,NEW BLISS,BULK,55.0,4.0,6.0,3.0
2024-02-24,09:32:21,440005180.0,125.65755151835745,36.97431113526169,297.9,0.36007999999999996,TOSA HARMONY,BULK,0.0,0.0,0.0,0.0
2024-02-24,09:32:08,440005740.0,126.6225915429454,35.9769975884089,89.8,0.05144,TIAN HAO 18,BULK,0.0,0.0,0.0,0.0
2024-02-24,09:32:08,440007010.0,126.6273,35.97878333,261.6,0.0,BLISSFUL SEA,TANKER,10.0,15.0,3.0,4.0
2024-02-24,09:32:17,440007090.0,126.13336333,36.67447833,10.9,0.0,CHANG HANG ZHEN ZHU,TANKER,0.0,0.0,0.0,0.0
2024-02-24,09:32:20,440007610.0,126.84337667,36.94341833,118.2,0.0,WINNING SEA,BULK,0.0,0.0,0.0,0.0
2024-02-24,09:32:24,440008000.0,126.42751667,37.24636167,62.8,0.0,GOLDEN  ATLANTIC,BULK,15.0,18.0,3.0,6.0
2024-02-24,09:32:22,440008090.0,126.68454167,37.11075167,250.7,0.0,MENG XIN,TANKER,0.0,0.0,0.0,0.0
2024-02-24,09:32:21,440008160.0,126.4191,37.01632167,86.6,0.0,MAERSK SONGKHLA,CONTAINER,0.0,0.0,0.0,0.0
2024-02-24,09:32:20,440008790.0,126.84348667,36.94337,0.0,0.0,NORTHERN DISCOVERY,CONTAINER,0.0,0.0,0.0,0.0
2024-02-24,09:32:26,440009170.0,126.66666,37.349605,151.0,0.0,COSCO AZALEA,CONTAINER,256.0,8.0,0.0,2.0
2024-02-24,09:32:26,440009190.0,126.60033,37.34693,171.1,0.0,BEI LUN HAI TUN,BULK,0.0,2.0,32.0,0.0
2024-02-24,09:32:26,440009470.0,126.60025,37.34652333,354.4,0.0,EVER LEADER,CONTAINER,1.0,0.0,0.0,0.0
2024-02-24,09:32:20,440009550.0,126.855815,36.94243833,223.2,0.0,SEA SPIRIT,BULK,10.0,14.0,4.0,5.0
2024-02-24,09:32:21,440009580.0,126.79459,36.99626,0.0,0.0,X-PRESS CASSIOPEIA,CONTAINER,8.0,14.0,2.0,2.0
2024-02-24,09:32:23,440009780.0,126.19595926147053,37.15872594213807,50.1,0.05144,VANGELIS,BULK,0.0,8.0,0.0,8.0
2024-02-24,09:32:22,440010000.0,126.38938333,37.05058333,171.0,0.0,MSC LAUSANNE VI,CONTAINER,100.0,24.0,5.0,15.0
2024-02-24,09:32:20,440010140.0,125.90907310517176,36.912627590242394,240.2,0.05144,CORAL PEARL,CHEMICAL_TANKER,0.0,0.0,0.0,0.0
2024-02-24,09:32:21,440010180.0,125.9864580977646,36.98353437591214,202.7,4.32096,DARYA TIANA,BULK,15.0,5.0,3.0,2.0
2024-02-24,09:32:24,440010820.0,126.499445,37.25453833,0.0,0.0,X-PRESS CASSIOPEIA,CONTAINER,0.0,0.0,0.0,0.0
2024-02-24,09:32:25,440011120.0,126.40350339816055,37.32220520310021,189.7,0.05144,TEH VICTORY,CONTAINER,47.0,12.0,8.0,2.0
2024-02-24,09:32:25,440011170.0,126.42253447265988,37.34191327606622,81.0,6.635759999999999,VIRA BHUM,CONTAINER,12.0,5.0,5.0,25.0
2024-02-24,09:32:21,440011910.0,126.79491667,36.9962,263.6,0.0,HE FU,BULK,0.0,0.0,0.0,0.0
2024-02-24,09:32:20,440012000.0,126.83378333,36.95051667,305.0,0.0,STI LA BOCA,CHEMICAL_TANKER,20.0,15.0,4.0,5.0
2024-02-24,09:32:21,440012140.0,126.42068333,37.01557667,284.8,0.0,CERVIA,BULK,0.0,0.0,0.0,0.0
2024-02-24,09:32:21,440012220.0,125.55049666270467,36.97208543016363,274.5,4.3724,EMPEROR PAMPERO,BULK,15.0,9.0,3.0,4.0
2024-02-24,09:32:24,440012230.0,126.42756667,37.24881667,0.0,0.0,SAN REMO,CHEMICAL_TANKER,0.0,0.0,0.0,0.0
2024-02-24,09:32:23,440012290.0,126.55746361118145,37.11997315418025,311.7,8.7448,TONG YOUNG,CHEMICAL_TANKER,0.0,0.0,0.0,0.0
2024-02-24,09:32:24,440012370.0,126.49939167,37.25454,225.4,0.0,ATLANTIC,CARGO,0.0,0.0,0.0,0.0
2024-02-24,09:32:20,440012840.0,125.42547181350255,36.90621660668191,256.6,4.52672,HUA NAN 5,LPG,0.0,0.0,0.0,0.0
2024-02-24,09:32:09,440013420.0,126.15330523500154,36.05979978114507,181.0,4.26952,HAI NAM 81,BULK,0.0,0.0,0.0,0.0
2024-02-24,09:32:07,440014460.0,126.54745307031142,35.90057091306982,200.9,0.05144,GOOBY,BULK,13.0,14.0,5.0,3.0
2024-02-24,09:32:21,440014570.0,126.7465,36.98621667,194.1,0.0,MOUNT BROAD PEAK,BULK,7.0,20.0,0.0,0.0
2024-02-24,09:32:06,440016170.0,126.37668537447769,35.84494610345749,103.9,0.10288,SHEN AO VIII,TUG,0.0,0.0,0.0,0.0
2024-02-24,09:32:21,440016190.0,126.34188333,37.00686667,172.0,0.0,SHUN YUAN 18,LPG,69.0,19.0,7.0,6.0
2024-02-24,09:32:21,440016320.0,126.79486667,36.99608333,240.0,0.0,CHINACOASTGUARD2102,ETC,0.0,0.0,0.0,0.0
2024-02-24,09:32:21,440016420.0,126.77658,36.99729167,276.6,0.0,TIAN YING ZUO,TANKER,10.0,27.0,3.0,7.0
2024-02-24,09:32:26,440016560.0,126.02027338648703,37.3546548434313,196.1,0.05144,SITC DECHENG,CONTAINER,0.0,0.0,0.0,0.0
2024-02-24,09:32:22,440016920.0,126.02166520514362,37.04866885378038,10.8,0.10288,XIN RUN YANG,TANKER,64.0,4.0,0.0,8.0
2024-02-24,09:32:26,440017150.0,126.66836290044316,37.35158113052243,166.0,0.05144,KAN TAN 303,ETC,30.0,19.0,5.0,4.0
2024-02-24,09:32:17,440017720.0,125.98984792724914,36.7148628220772,328.7,0.41152,CHEMROAD POLARIS,CHEMICAL_TANKER,0.0,0.0,0.0,0.0
2024-02-24,09:32:26,440018310.0,126.60061667,37.34692,208.5,0.0,NORD MISSOURI,BULK,0.0,0.0,0.0,0.0
2024-02-24,09:32:20,440018780.0,126.1324148978124,36.94752416534361,42.3,5.60696,SITC HUIMING,CONTAINER,60.0,22.0,3.0,10.0
2024-02-24,09:32:20,440019060.0,126.85664297522537,36.9429285788237,219.3,0.05144,AQUILA GLORY,CARGO,0.0,0.0,0.0,0.0
2024-02-24,09:32:18,440019110.0,125.42449772496357,36.807280479185685,328.0,6.1728,SASCO ANGARA,CONTAINER,0.0,0.0,4.0,0.0
2024-02-24,09:32:24,440019170.0,126.32244302992093,37.216638518938154,244.6,4.52672,OCEAN DRAGON,CONTAINER,9.0,9.0,2.0,2.0
2024-02-24,09:32:25,440020130.0,126.27058278080494,37.306515375342066,67.9,4.989679999999999,TEH VICTORY,CONTAINER,20.0,14.0,3.0,3.0
2024-02-24,09:32:20,440020330.0,125.54956848121384,36.93639036391522,306.7,1.4403199999999998,HUA WU,TUG,10.0,10.0,3.0,3.0
2024-02-24,09:32:22,440020780.0,126.0564394830274,37.040258487987245,19.6,0.20576,GUO DIAN 12,BULK,8.0,4.0,15.0,0.0
2024-02-24,09:32:20,440021030.0,126.85711667,36.94156667,97.6,0.0,ROMANTIC,CARGO,0.0,0.0,0.0,0.0
2024-02-24,09:32:21,440021170.0,126.43685,37.01443333,316.6,0.0,NEW ANSTEEL,BULK,16.0,19.0,8.0,3.0
2024-02-24,09:32:25,440021230.0,126.40348333,37.32246333,191.3,0.0,ZHE NENG 5,BULK,40.0,10.0,2.0,2.0
2024-02-24,09:32:21,440021320.0,126.79505,36.9965,0.0,0.0,CHINA ENERGY,BULK,0.0,0.0,0.0,0.0
2024-02-24,09:32:20,440021960.0,126.83387317357841,36.95015771887275,183.8,0.05144,ZHONG GU DIZHONG HAI,CONTAINER,0.0,0.0,0.0,0.0
2024-02-24,09:32:22,440022690.0,126.68413256645228,37.11083181880017,13.3,0.05144,MSC MICHELLE,CONTAINER,0.0,0.0,0.0,0.0
2024-02-24,09:32:25,440022760.0,126.57308424257234,37.302654407309895,356.8,0.10288,COSCO AZALEA,CONTAINER,30.0,30.0,8.0,8.0
2024-02-24,09:32:25,440022920.0,126.3091207658767,37.335682591520516,85.6,5.5555200000000005,NIAGARA HIGHWAY,PCC,0.0,0.0,0.0,0.0
2024-02-24,09:32:20,440022930.0,125.93229553473718,36.92793432063547,234.0,0.10288,CHANG XING ZHOU,PRODUCT_TANKER,0.0,0.0,2.0,0.0
2024-02-24,09:32:26,440023880.0,126.49520578960583,37.357046467528995,172.9,0.05144,ALONA,BULK,10.0,6.0,2.0,2.0
2024-02-24,09:32:21,440024000.0,126.78922167,36.99412167,307.3,0.0,NAN YU 7,LPG,85.0,25.0,4.0,14.0
2024-02-24,09:32:20,440024870.0,126.83287364338726,36.9507643348595,155.5,0.05144,DA HUA,CARGO,0.0,0.0,0.0,0.0
2024-02-24,09:32:22,440024970.0,126.10051833,37.11234,183.7,0.0,PACIFIC FRIEDA,BULK,15.0,4.0,2.0,2.0
2024-02-24,09:32:22,440025440.0,126.0788774333089,37.04367380533707,217.8,7.76744,ZHE WU 188,BULK,15.0,7.0,2.0,0.0
2024-02-24,09:32:14,440026070.0,126.509365,36.43352,103.2,0.0,CHINACOASTGUARD2502,ETC,15.0,20.0,5.0,5.0
2024-02-24,09:32:22,440027070.0,126.56030934762812,37.094719706361055,116.6,0.05144,NAN HAI SHI HAO,ETC,10.0,17.0,4.0,3.0
2024-02-24,09:32:21,440028420.0,126.74693333,36.98605,218.6,0.0,GLORY VOYAGER,CARGO,0.0,0.0,0.0,0.0
2024-02-24,09:32:21,440033820.0,126.731655,36.98885667,305.4,0.0,CHANG JING 7,ETC,0.0,0.0,0.0,0.0
2024-02-24,09:32:12,440033910.0,126.34642187545745,36.293382476611356,328.4,2.0576,GUANG QIAN,BULK,30.0,75.0,9.0,9.0
2024-02-24,09:32:16,440034330.0,125.65976818435067,36.62587226656779,243.0,1.286,CHEMROAD POLARIS,CHEMICAL_TANKER,0.0,0.0,0.0,0.0
2024-02-24,09:32:25,440035960.0,126.16755777842903,37.32029692975397,259.0,4.423839999999999,ASL TAIPEI,CONTAINER,25.0,6.0,4.0,5.0
2024-02-24,09:32:07,440038280.0,126.52841833,35.93719833,0.0,0.0,SITC YOKOHAMA,CONTAINER,0.0,0.0,0.0,0.0
2024-02-24,09:32:20,440041250.0,126.84475,36.9551,176.2,0.0,DONG HAI JIU 102,TUG,15.0,20.0,7.0,3.0
2024-02-24,09:32:21,440041270.0,126.42079833,37.01552833,18.1,0.0,HALCYON,CONTAINER,20.0,15.0,5.0,5.0
2024-02-24,09:32:21,440043080.0,126.41906667,37.01684167,294.0,0.0,NCC QASSIM,CHEMICAL_TANKER,12.0,18.0,5.0,3.0
2024-02-24,09:32:09,440043680.0,125.81086442233995,36.07735104259448,90.9,1.85184,DONG HAI JIU 102,TUG,0.0,0.0,0.0,0.0
2024-02-24,09:32:21,440043740.0,126.77651230282187,36.99724780269997,268.4,0.05144,WAN HAI 312,CONTAINER,0.0,0.0,0.0,0.0
2024-02-24,09:32:25,440046510.0,126.57408635119897,37.30028716762918,328.2,0.05144,FEDERAL IMABARI,BULK,30.0,27.0,6.0,7.0
2024-02-24,09:32:14,440046840.0,125.23888532116618,36.42681317154697,192.2,2.4691199999999998,KAN TAN 303,ETC,0.0,0.0,0.0,0.0
2024-02-24,09:32:21,440048680.0,126.40460109127976,37.022629492132275,143.6,0.05144,HUA DONG YUAN 2,ETC,92.0,19.0,5.0,13.0
2024-02-24,09:32:05,440050270.0,126.46652581971048,35.78067860666314,124.2,0.10288,NORD MISSOURI,BULK,0.0,8.0,0.0,0.0
2024-02-24,09:32:14,440050930.0,126.51066833,36.43492833,168.7,0.0,PACIFIC FRIEDA,BULK,0.0,0.0,0.0,0.0
2024-02-24,09:32:20,440052030.0,125.70701393422782,36.91556547280608,121.9,0.30863999999999997,YI CHEN 68,ETC,0.0,0.0,0.0,0.0
2024-02-24,09:32:12,440058840.0,126.48950633783942,36.33333591514794,67.0,3.96088,PINTAIL,CARGO,0.0,0.0,0.0,0.0
2024-02-24,09:32:21,440061040.0,126.42406167,37.01532833,180.2,0.0,LU HUANG YUAN YU 115,ETC,40.0,9.0,2.0,2.0
2024-02-24,09:32:21,440066190.0,126.42015,37.01668333,0.0,0.0,GOLDEN SUCCESSFUL 82,BULK,15.0,23.0,6.0,3.0
2024-02-24,09:32:21,440071510.0,126.419935,37.01547,55.2,0.0,ZHONG GU DIZHONG HAI,CONTAINER,18.0,20.0,3.0,6.0
2024-02-24,09:32:06,440072420.0,126.44826116005102,35.83848353522772,349.1,3.1378399999999997,DONG YONG NO.8,CARGO,0.0,0.0,0.0,0.0
2024-02-24,09:32:10,440073990.0,126.4877,36.14801667,116.6,0.0,ZHONGSHANDAXUE JI DI,TUG,15.0,21.0,5.0,3.0
2024-02-24,09:32:21,440075270.0,126.41655833,37.01536667,89.4,0.0,HONGTAI3,CARGO,0.0,0.0,0.0,0.0
2024-02-24,09:32:14,440075510.0,126.51010667,36.43431833,104.1,0.0,CARDINAL VICTORY,BULK,12.0,22.0,3.0,7.0
2024-02-24,09:32:04,440075620.0,125.7392216924424,35.71820683516832,110.5,0.8744799999999999,HONGDAHAI10,PRODUCT_TANKER,0.0,0.0,0.0,0.0
2024-02-24,09:32:15,440079210.0,125.29066609794604,36.51959418312577,207.4,1.33744,SHOKAI,CHEMICAL_TANKER,23.0,0.0,0.0,6.0
2024-02-24,09:32:21,440079720.0,126.79503333,36.9964,347.7,0.0,BERGE LYNGOR,BULK,0.0,0.0,0.0,0.0
2024-02-24,09:32:17,440086850.0,126.1331389050363,36.674789704234435,345.1,0.05144,BERGE NANGA PARBAT,BULK,0.0,0.0,0.0,0.0
2024-02-24,09:32:08,440087960.0,126.66264333,36.00856833,3600.0,0.0,GERDT OLDENDORFF,BULK,0.0,0.0,0.0,0.0
2024-02-24,09:32:10,440090120.0,125.78357593775772,36.13018744232181,88.9,4.1152,EUCALY,TANKER,0.0,0.0,0.0,8.0
2024-02-24,09:32:18,440099940.0,125.41603019922373,36.762112228817976,319.2,0.30863999999999997,SHANG DE FU,BULK,0.0,0.0,0.0,0.0
2024-02-24,09:32:24,440101023.0,126.15754,37.22253667,189.4,0.0,SHIZUKISAN,TANKER,12.0,20.0,2.0,4.0
2024-02-24,09:32:11,440101060.0,126.30607703585243,36.22608814702718,282.4,0.15431999999999998,BAO HONG 10,CARGO,0.0,0.0,0.0,0.0
2024-02-24,09:32:08,440101180.0,126.564375,35.97569667,211.6,0.0,ANDRIA,BULK,0.0,0.0,0.0,0.0
2024-02-24,09:32:26,440101220.0,126.56481072498845,37.40052457588066,14.9,3.9094399999999996,DONG HAI JIU 102,TUG,25.0,10.0,4.0,3.0
2024-02-24,09:32:08,440102860.0,125.37197743680667,36.04434144230513,119.2,3.3950399999999994,JJ NAGOYA,CONTAINER,0.0,0.0,0.0,0.0
2024-02-24,09:32:15,440103010.0,125.87078753206225,36.545042192467726,191.1,5.144,SIMAG SHANGHAI,CARGO,78.0,14.0,7.0,8.0
2024-02-24,09:32:12,440103340.0,126.34609816508208,36.293598464937915,328.4,2.00616,ZHONG CHUAN HAI YUN,CARGO,0.0,0.0,0.0,0.0
2024-02-24,09:32:24,440103940.0,126.42754857884472,37.248229110326314,333.5,0.05144,ZH1,CARGO,12.0,21.0,5.0,5.0
2024-02-24,09:32:08,440104250.0,126.565025,35.97598667,7.4,0.0,HUA YANG MEI GUI,BULK,0.0,0.0,0.0,0.0
2024-02-24,09:32:02,440106570.0,125.40762178167378,35.56891774418064,22.9,1.13168,GOOBY,BULK,15.0,14.0,3.0,4.0
2024-02-24,09:32:22,440106660.0,126.31567782860913,37.076337170257915,46.8,2.572,CHINA FORTUNE,BULK,9.0,16.0,2.0,5.0
2024-02-24,09:32:07,440107190.0,125.88667844330801,35.96000055344073,83.3,1.9547199999999998,TRANS FUTURE 11,PCC,0.0,0.0,0.0,0.0
2024-02-24,09:32:13,440107900.0,126.496655,36.42307833,0.0,0.0,FENG SHUN,BULK,26.0,24.0,6.0,6.0
2024-02-24,09:32:16,440108480.0,126.03446887165978,36.584043278331656,356.5,4.6296,BERGE DHAULAGIRI,BULK,0.0,0.0,0.0,0.0
2024-02-24,09:32:21,440108530.0,126.79463667,36.99627333,68.7,0.0,MSC COLETTE III,CONTAINER,0.0,0.0,0.0,0.0
2024-02-24,09:32:21,440108980.0,126.419055,37.01578833,0.0,0.0,HMM MONGLA,CONTAINER,10.0,18.0,3.0,4.0
2024-02-24,09:32:26,440109330.0,126.5765290133844,37.414172523486805,117.3,0.05144,MAERSK CUBANGO,CONTAINER,8.0,20.0,2.0,2.0
2024-02-24,09:32:16,440112240.0,126.24654833,36.595625,189.0,0.0,CHANG HANG ZHEN ZHU,TANKER,0.0,0.0,0.0,0.0
2024-02-24,09:32:12,440113220.0,126.51529833,36.329935,80.5,0.0,ASL TAIPEI,CONTAINER,0.0,0.0,0.0,0.0
2024-02-24,09:32:23,440113700.0,126.45023271087365,37.15129166803862,157.0,0.05144,OSG BOSSTEC,CONTAINER,70.0,13.0,7.0,7.0
2024-02-24,09:32:21,440114050.0,126.41721667,37.01629667,206.3,0.0,SPIL KARTINI,CONTAINER,5.0,8.0,3.0,3.0
2024-02-24,09:32:26,440114640.0,126.54758854406911,37.35894426608278,164.7,3.1378399999999997,MONONOK,ETC,7.0,25.0,3.0,3.0
2024-02-24,09:32:23,440116090.0,126.49916667,37.15341667,329.6,0.0,HONG RUN 27,ETC,71.0,16.0,6.0,7.0
2024-02-24,09:32:05,440116490.0,126.48063833,35.79435167,85.8,0.0,QI FAN 7,ETC,12.0,20.0,2.0,6.0
2024-02-24,09:32:20,440117440.0,126.10602898194502,36.9210853155914,32.9,3.80656,LU HUANG YUAN YU 115,ETC,76.0,25.0,8.0,8.0
2024-02-24,09:32:17,440118020.0,126.13605514702154,36.67938024478003,0.0,0.05144,MING XI JIU YUE,BULK,0.0,0.0,0.0,0.0
2024-02-24,09:32:21,440119970.0,126.74651328381384,36.986322227070715,124.0,0.05144,GIORGIS,BULK,0.0,0.0,0.0,0.0
2024-02-24,09:32:21,440120180.0,125.62899054253097,37.00561666588111,75.2,0.05144,SHINAS MAX,BULK,13.0,5.0,3.0,3.0
2024-02-24,09:32:05,440121590.0,126.48052833,35.79382667,203.1,0.0,STAR EXPLORER,CONTAINER,5.0,86.0,30.0,11.0
2024-02-24,09:32:23,440122730.0,126.11382123944028,37.14976449407954,168.0,0.10288,MENG XIN,TANKER,14.0,5.0,2.0,2.0
2024-02-24,09:32:21,440124410.0,126.41207333,37.01917167,115.1,0.0,SEATTLE,BULK,62.0,20.0,6.0,7.0
2024-02-24,09:32:09,440125110.0,125.83053423526522,36.08243261453276,98.0,2.00616,HUA TUO,ETC,0.0,0.0,0.0,0.0
2024-02-24,09:32:05,440126920.0,126.47302333,35.77979333,109.1,0.0,HUA TUO,ETC,10.0,13.0,4.0,5.0
2024-02-24,09:32:26,440126980.0,126.66595492178081,37.350309593031604,128.9,0.05144,ZHEN HUA 25,ETC,15.0,20.0,3.0,5.0
2024-02-24,09:32:20,440127420.0,126.833,36.95053333,256.3,0.0,RUI DA 19,BULK,0.0,0.0,0.0,0.0
2024-02-24,09:32:07,440130370.0,126.54621667,35.903,88.3,0.0,BERGE LYNGOR,BULK,14.0,11.0,3.0,6.0
2024-02-24,09:32:21,440130750.0,126.42018833,37.0163,52.7,0.0,EMPEROR PAMPERO,BULK,2.0,8.0,3.0,3.0
2024-02-24,09:32:05,440133620.0,126.45902870699491,35.777100222935736,128.3,0.7201599999999999,PINTAIL,CARGO,0.0,0.0,0.0,0.0
2024-02-24,09:32:15,440134000.0,125.92973885917942,36.52708132555478,9.2,6.8929599999999995,LOMALO,ETC,95.0,25.0,10.0,10.0
2024-02-24,09:32:24,440134720.0,126.43096,37.25245333,296.4,0.0,CR TETHYS,CHEMICAL_TANKER,50.0,33.0,7.0,7.0
2024-02-24,09:32:05,440135320.0,126.45205833,35.777925,0.0,0.0,ALONA,BULK,0.0,0.0,0.0,0.0
2024-02-24,09:32:08,440136000.0,126.54945,35.98498333,33.0,0.0,FODASEVEN,CARGO,24.0,40.0,5.0,4.0
2024-02-24,09:32:26,440136470.0,126.66583,37.35006833,107.8,0.0,MERKUR OCEAN,CONTAINER,15.0,22.0,6.0,4.0
2024-02-24,09:32:26,440140580.0,126.52671263929334,37.40762271970329,56.5,9.61928,ANDRIA,BULK,0.0,0.0,0.0,0.0
2024-02-24,09:32:25,440140590.0,126.25329828360482,37.26802818364431,222.5,0.6172799999999999,COSCO KILIMANJARO,CONTAINER,0.0,2.0,0.0,0.0
2024-02-24,09:32:21,440141060.0,126.74606667,36.9864,0.0,0.0,CORAL PEARL,CHEMICAL_TANKER,0.0,0.0,0.0,0.0
2024-02-24,09:32:11,440141760.0,125.5366901333527,36.2721138327337,271.6,4.989679999999999,EVER FORTUNE,CARGO,0.0,0.0,0.0,0.0
2024-02-24,09:32:05,440142340.0,126.08655879455281,35.80889063906455,66.5,4.166639999999999,GUO YUAN 12,BULK,0.0,0.0,0.0,0.0
2024-02-24,09:32:21,440146240.0,126.74716,36.986465,200.3,0.0,DIANELLA,PRODUCT_TANKER,0.0,0.0,0.0,0.0
2024-02-24,09:32:12,440147150.0,126.51491333,36.33023,334.6,0.0,MAERSK WALLIS,CONTAINER,10.0,40.0,5.0,4.0
2024-02-24,09:32:25,440148840.0,126.3332639727498,37.3203228638065,233.0,6.738639999999999,YUN DING 22,CHEMICAL_TANKER,67.0,19.0,5.0,9.0
2024-02-24,09:32:21,440153960.0,126.32030076772854,37.02893329272162,29.8,0.05144,HUA GAO,TUG,50.0,14.0,6.0,4.0
2024-02-24,09:32:23,440154430.0,126.20381170715979,37.20942347996267,205.5,7.40736,ZHEN ZHU HAI,BULK,64.0,18.0,7.0,8.0
2024-02-24,09:32:08,440164000.0,126.56646333,35.976145,71.4,0.0,DONG YONG NO.8,CARGO,47.0,61.0,0.0,0.0
2024-02-24,09:32:20,440164260.0,126.10117291880756,36.95691203298272,213.0,5.967039999999999,GIMPO SHUN,CARGO,85.0,14.0,12.0,8.0
2024-02-24,09:32:05,440170350.0,126.48546667,35.79223333,121.3,0.0,EVER FEAT,CONTAINER,10.0,14.0,5.0,3.0
2024-02-24,09:32:26,440173000.0,126.55790198662781,37.39107366944264,161.0,0.05144,HENG HUI YONG SHENG,CHEMICAL_TANKER,113.0,15.0,10.0,10.0
2024-02-24,09:32:07,440182570.0,125.98960057869478,35.90922163229104,244.6,0.56584,HSIANG HER,ETC,0.0,0.0,0.0,0.0
2024-02-24,09:32:12,440184070.0,126.51565333,36.33228333,302.9,0.0,NIAGARA HIGHWAY,PCC,10.0,5.0,2.0,2.0
2024-02-24,09:32:26,440186030.0,126.6064,37.37290667,195.3,0.0,SITC DECHENG,CONTAINER,7.0,15.0,4.0,4.0
2024-02-24,09:32:22,440187910.0,126.40182336026785,37.04535113528067,179.7,0.05144,FLAG FILIA,BULK,68.0,23.0,2.0,12.0
2024-02-24,09:32:21,440188330.0,126.75568667,36.985205,145.5,0.0,FENG ZE HAI,BULK,76.0,9.0,3.0,10.0
2024-02-24,09:32:05,440190310.0,125.54473693275787,35.7810507212587,89.5,3.96088,JUN YU,BULK,0.0,0.0,0.0,0.0
2024-02-24,09:32:12,440191380.0,125.90580225280819,36.31697675919959,10.3,3.9094399999999996,CHUNG YU NO.18,ETC,80.0,14.0,15.0,5.0
2024-02-24,09:32:07,440197710.0,126.6237,35.971125,16.4,0.0,NAVIOS BONHEUR,BULK,19.0,7.0,3.0,3.0
2024-02-24,09:32:21,440200111.0,126.73427791682954,37.00392492818396,232.3,0.15431999999999998,ARIS GLORY,BULK,0.0,0.0,0.0,0.0
2024-02-24,09:32:26,440200114.0,126.49843489812112,37.334573361965504,49.1,4.47528,YI PENG 3,BULK,0.0,0.0,0.0,0.0
2024-02-24,09:32:19,440200130.0,126.32572167,36.82647,331.5,0.0,SHIN DER YIH NO.168,ETC,90.0,16.0,10.0,13.0
2024-02-24,09:32:21,440200144.0,126.41953167,37.016325,187.1,0.0,THEOMETOR,BULK,20.0,12.0,4.0,4.0
2024-02-24,09:32:12,440200179.0,126.51495,36.33011667,8.4,0.0,RUN JIU 8,CHEMICAL_TANKER,17.0,34.0,7.0,2.0
2024-02-24,09:32:21,440200185.0,126.41934667,37.016355,267.2,0.0,SITC MAKASSAR,CONTAINER,6.0,20.0,1.0,2.0
2024-02-24,09:32:08,440200216.0,126.47002709525248,35.999266636758136,343.1,4.32096,SUN ORION,CHEMICAL_TANKER,0.0,0.0,0.0,0.0
2024-02-24,09:32:21,440200290.0,126.41687333,37.01654167,225.6,0.0,CASANOVA,BULK,0.0,0.0,0.0,0.0
2024-02-24,09:32:05,440201540.0,126.47668167,35.78501,0.0,0.0,EBBA MAERSK,CONTAINER,6.0,18.0,2.0,2.0
2024-02-24,09:32:26,440204370.0,126.60059667,37.34643667,291.4,0.0,SHANG DE FU,BULK,11.0,20.0,7.0,2.0
2024-02-24,09:32:20,440205760.0,125.79437903352084,36.91888870090017,272.6,0.05144,MSC CARPATHIA III,CONTAINER,6.0,5.0,2.0,2.0
2024-02-24,09:32:14,440205830.0,126.51768,36.43891333,224.6,0.0,BERGE NANGA PARBAT,BULK,0.0,0.0,0.0,0.0
2024-02-24,09:32:21,440206110.0,126.41714667,37.01628167,0.0,0.0,SITC YOKOHAMA,CONTAINER,0.0,0.0,0.0,0.0
2024-02-24,09:32:21,440207460.0,126.42023,37.01550167,0.0,0.0,LOMALO,ETC,0.0,0.0,0.0,0.0
2024-02-24,09:32:22,440208000.0,126.58014829131665,37.10899944017199,119.1,4.32096,ORIENTAL SOURCES,CARGO,96.0,25.0,10.0,17.0
2024-02-24,09:32:12,440208370.0,126.51483167,36.32996167,91.8,0.0,OCEAN DRAGON,CONTAINER,21.0,19.0,6.0,2.0
2024-02-24,09:32:11,440208750.0,126.31251722732287,36.2100482863387,123.2,2.2119199999999997,SPAR RIGEL,BULK,0.0,0.0,0.0,0.0
2024-02-24,09:32:21,440208980.0,126.42002157693045,37.01583873578026,263.3,0.10288,POLARIS,CHEMICAL_TANKER,0.0,0.0,0.0,0.0
2024-02-24,09:32:21,440209600.0,126.4202,37.0159,229.7,0.0,HUA DA,TUG,0.0,0.0,1.0,0.0
2024-02-24,09:32:21,440209800.0,126.41671,37.015625,217.4,0.0,OSLO,PRODUCT_TANKER,0.0,0.0,0.0,0.0
2024-02-24,09:32:20,440209870.0,125.75570869466337,36.95920340366083,285.8,0.10288,FRONT ENDURANCE,TANKER,25.0,13.0,5.0,0.0
2024-02-24,09:32:21,440210040.0,126.42004667,37.01670333,199.4,0.0,CR TETHYS,CHEMICAL_TANKER,0.0,0.0,0.0,0.0
2024-02-24,09:32:21,440210530.0,126.41936167,37.01599833,0.0,0.0,AO TAI 2,PRODUCT_TANKER,7.0,11.0,3.0,2.0
2024-02-24,09:32:10,440211550.0,126.31057685445857,36.13950825538417,42.0,4.21808,TAIMA STAR,RORO,0.0,0.0,0.0,0.0
2024-02-24,09:32:21,440211790.0,126.41995,37.01586667,312.6,0.0,MELODY SELMER,BULK,0.0,0.0,0.0,0.0
2024-02-24,09:32:21,440213620.0,126.41897167,37.01674,353.9,0.0,BRILLIANT ADVANCE,BULK,0.0,0.0,0.0,0.0
2024-02-24,09:32:21,440213660.0,126.41892638850256,37.01663879203727,151.5,0.10288,MARCOS V,CONTAINER,10.0,28.0,5.0,5.0
2024-02-24,09:32:16,440213910.0,125.92695805407324,36.59678695248538,126.9,2.3662399999999995,SHEN AO VIII,TUG,0.0,0.0,0.0,0.0
2024-02-24,09:32:21,440214430.0,126.42005,37.01546667,217.7,0.0,ATHOS,CONTAINER,0.0,0.0,0.0,8.0
2024-02-24,09:32:21,440215090.0,126.42007167,37.01623167,210.4,0.0,PRINCESS ETERNITY,BULK,15.0,15.0,5.0,5.0
2024-02-24,09:32:21,440215150.0,125.76049820781866,36.96388211693377,57.7,0.05144,AQUILA GLORY,CARGO,0.0,0.0,0.0,0.0
2024-02-24,09:32:20,440215180.0,126.8455108374212,36.95527134348669,261.3,0.10288,JAG PARTH,CHEMICAL_TANKER,0.0,0.0,0.0,0.0
2024-02-24,09:32:21,440215970.0,126.41936667,37.01678333,208.8,0.0,HAI ZHI RUN 17,PRODUCT_TANKER,10.0,19.0,2.0,7.0
2024-02-24,09:32:12,440216090.0,126.41784790099588,36.288242815258435,59.0,3.8579999999999997,MSC FRANCESCA,CONTAINER,0.0,0.0,0.0,0.0
2024-02-24,09:32:11,440216170.0,126.31775705966338,36.20643373443111,83.2,4.01232,INTERASIA PURSUIT,CONTAINER,0.0,0.0,0.0,0.0
2024-02-24,09:32:11,440216210.0,126.31107273815083,36.212618015395954,114.5,3.3950399999999994,AAL NEWCASTLE,CARGO,0.0,0.0,0.0,0.0
2024-02-24,09:32:21,440218410.0,126.74608333,36.98685,76.3,0.0,TRUE COMPASS,BULK,1.0,347.0,28.0,48.0
2024-02-24,09:32:14,440218430.0,126.51020333,36.43421667,143.3,0.0,HAI WANG YI,PRODUCT_TANKER,15.0,20.0,5.0,5.0
2024-02-24,09:32:14,440218780.0,126.51013667,36.43423167,69.0,0.0,RO PRINCESS,RORO,15.0,20.0,5.0,5.0
2024-02-24,09:32:20,440219130.0,126.85678333,36.9412,197.3,0.0,HUA TUO,ETC,12.0,30.0,5.0,5.0
2024-02-24,09:32:08,440219320.0,126.5833173833197,35.98004763784735,117.3,4.1152,HUA NAN 5,LPG,0.0,0.0,0.0,0.0
2024-02-24,09:32:03,440220460.0,125.48876163916076,35.63000051439788,181.7,0.8744799999999999,HUA GAO,TUG,0.0,0.0,0.0,0.0
2024-02-24,09:32:17,440221050.0,126.13183833,36.67417167,146.4,0.0,GRAMPUS BRAVE,BULK,0.0,0.0,0.0,0.0
2024-02-24,09:32:14,440222350.0,126.50921333,36.433555,176.1,0.0,MATSON MAUI,CONTAINER,20.0,15.0,5.0,5.0
2024-02-24,09:32:20,440223010.0,126.84547547405927,36.95536767120515,231.7,0.05144,EURYBIA,BULK,0.0,0.0,0.0,0.0
2024-02-24,09:32:11,440223080.0,126.30509263233849,36.224053996401516,254.2,0.20576,YUAN YANG HU,TANKER,0.0,0.0,0.0,0.0
2024-02-24,09:32:14,440223540.0,126.50993667,36.43439833,24.5,0.0,DUPLIC DYNAMIC,TANKER,15.0,20.0,5.0,5.0
2024-02-24,09:32:05,440224270.0,126.0571196047749,35.797840783897655,50.0,4.166639999999999,OOCL MALAYSIA,CONTAINER,0.0,0.0,0.0,0.0
2024-02-24,09:32:21,440224790.0,126.74593333,36.986415,102.0,0.0,KAHLA,TANKER,0.0,0.0,0.0,0.0
2024-02-24,09:32:21,440225060.0,126.41906667,37.01677667,63.0,0.0,ETOILE,CONTAINER,0.0,0.0,0.0,0.0
2024-02-24,09:32:21,440225870.0,126.41664833,37.015605,262.5,0.0,ZHONG GU DIZHONG HAI,CONTAINER,0.0,0.0,0.0,0.0
2024-02-24,09:32:07,440229000.0,125.77835054561838,35.931418449291755,187.7,6.43,NANDU ARROW,BULK,73.0,21.0,9.0,9.0
2024-02-24,09:32:24,440277000.0,125.96309,37.26549667,171.4,0.0,SHINAS MAX,BULK,0.0,0.0,0.0,0.0
2024-02-24,09:32:08,440290000.0,126.55151667,35.97506667,233.6,0.0,THEOMETOR,BULK,69.0,23.0,12.0,3.0
2024-02-24,09:32:23,440300830.0,126.11330722066516,37.16631855733482,308.5,0.20576,ZHENG YAO,BULK,0.0,0.0,0.0,0.0
2024-02-24,09:32:08,440300860.0,126.56893273412902,35.97757714632046,262.4,4.3724,DING HENG 3,CHEMICAL_TANKER,7.0,23.0,4.0,4.0
2024-02-24,09:32:21,440302070.0,126.41693,37.01629,0.0,0.0,SUNRISE NO.168,PRODUCT_TANKER,22.0,18.0,4.0,5.0
2024-02-24,09:32:22,440304320.0,126.32395623485716,37.06025187217897,264.0,0.05144,SUPER FORTE,CHEMICAL_TANKER,80.0,35.0,4.0,14.0
2024-02-24,09:32:07,440304710.0,125.40057490609033,35.98365681592509,179.7,3.2407199999999996,NCC QASSIM,CHEMICAL_TANKER,0.0,0.0,0.0,0.0
2024-02-24,09:32:23,440304820.0,126.11274667,37.16703167,121.6,0.0,VASILIY MALOV,CARGO,0.0,0.0,0.0,0.0
2024-02-24,09:32:20,440307810.0,126.20695639752749,36.90300288222722,245.3,0.05144,HUA DONG 88,ETC,0.0,0.0,0.0,0.0
2024-02-24,09:32:21,440312520.0,126.419405,37.01596333,334.2,0.0,DUPLIC DYNAMIC,TANKER,0.0,0.0,0.0,0.0
2024-02-24,09:32:18,440314480.0,125.36466378355166,36.779078998009226,292.0,4.732479999999999,MUROU,CARGO,0.0,0.0,0.0,0.0
2024-02-24,09:32:22,440314850.0,126.38918488960842,37.05082552950789,186.7,0.05144,BONAVIA,BULK,28.0,9.0,4.0,4.0
2024-02-24,09:32:25,440315580.0,125.98358833,37.27765667,178.6,0.0,AN JI 26,PCC,100.0,27.0,15.0,17.0
2024-02-24,09:32:07,440315950.0,126.52927135833039,35.93782350786751,19.3,0.10288,PACIFIC FRIEDA,BULK,4.0,7.0,2.0,2.0
2024-02-24,09:32:20,440320620.0,126.83326667,36.95096667,170.1,0.0,SHI YUAN,PCC,0.0,0.0,0.0,0.0
2024-02-24,09:32:21,440321070.0,126.3158172093086,37.022512547398534,262.7,0.05144,CARLOS DRUMMOND DE A,TANKER,72.0,18.0,9.0,4.0
2024-02-24,09:32:20,440325110.0,125.78858797449053,36.899060170775336,240.6,0.10288,KAHLA,TANKER,0.0,0.0,0.0,0.0
2024-02-24,09:32:18,440325130.0,125.60634299506488,36.777523333336646,216.3,0.20576,NORTH GIANT,CHEMICAL_TANKER,0.0,0.0,0.0,0.0
2024-02-24,09:32:20,440325460.0,125.92850618425177,36.966741383770305,130.4,4.9382399999999995,BLISSFUL SEA,TANKER,0.0,0.0,0.0,0.0
2024-02-24,09:32:18,440327660.0,126.131575,36.777205,148.4,0.0,YUAN YANG HU,TANKER,0.0,0.0,4.0,0.0
2024-02-24,09:32:20,440328420.0,126.83332167,36.95009833,174.3,0.0,BERGE ASAHIDAKE,BULK,16.0,20.0,3.0,5.0
2024-02-24,09:32:26,440329370.0,126.00873833,37.350585,208.3,0.0,GRACE BRIDGE,CONTAINER,0.0,0.0,0.0,0.0
2024-02-24,09:32:21,440330260.0,126.419,37.01582167,6.9,0.0,EVER OPTIMA,CONTAINER,0.0,0.0,0.0,0.0
2024-02-24,09:32:11,440332730.0,125.72380425323207,36.25526423406575,79.0,3.70368,SAEHAN ZENITH,LPG,0.0,0.0,8.0,0.0
2024-02-24,09:32:21,440333250.0,125.72554245871466,36.97726561316056,125.0,0.05144,INTERASIA HORIZON,CONTAINER,64.0,0.0,0.0,0.0
2024-02-24,09:32:16,440336280.0,125.42439979422738,36.62971112875168,0.9,4.01232,ZHONG LIANG YUAN HE,CARGO,10.0,15.0,2.0,3.0
2024-02-24,09:32:21,440336820.0,126.41680167,37.01561833,172.4,0.0,BBC WASHINGTON,CARGO,0.0,0.0,0.0,0.0
2024-02-24,09:32:21,440337110.0,126.42065353051659,37.018478444147256,177.8,0.05144,ANGARA,RORO,0.0,3.0,0.0,0.0
2024-02-24,09:32:07,440403290.0,126.46710810087717,35.91812316197175,71.9,4.52672,MELODY SELMER,BULK,0.0,0.0,0.0,0.0
2024-02-24,09:32:23,440403540.0,126.52424502948544,37.13429856746766,94.6,4.3724,CHANG HANG MA NAO,TANKER,86.0,39.0,15.0,5.0
2024-02-24,09:32:21,440427000.0,126.15228167,37.01935833,198.1,0.0,CLIPPER HONG KONG,BULK,93.0,27.0,3.0,17.0
2024-02-24,09:32:13,440467000.0,126.48223333,36.39865,161.0,0.0,RTM COLUMBUS,BULK,251.0,38.0,21.0,24.0
2024-02-24,09:32:12,440498000.0,126.32504452702868,36.32692426162006,337.9,2.16048,ATACAMA,CONTAINER,13.0,19.0,2.0,2.0
2024-02-24,09:32:21,440500084.0,126.00668364536112,37.02815105337194,95.9,0.05144,ALIANCA MANAUS,CONTAINER,0.0,0.0,0.0,0.0
2024-02-24,09:32:07,440500192.0,126.50432650216256,35.98073078966439,65.4,6.481439999999999,RTM CABOT,BULK,0.0,0.0,0.0,0.0
2024-02-24,09:32:08,440500200.0,126.565365,35.975935,237.8,0.0,UNIONHOPE,BULK,0.0,0.0,0.0,0.0
2024-02-24,09:32:08,440500210.0,126.62390167,35.97722167,78.1,0.0,NAVIOS BONHEUR,BULK,0.0,0.0,0.0,0.0
2024-02-24,09:32:08,440500240.0,126.56501167,35.97566667,105.7,0.0,HUA WU,TUG,0.0,0.0,0.0,0.0
2024-02-24,09:32:07,440500910.0,126.49614494317284,35.936199860078794,112.6,4.732479999999999,ARIS GLORY,BULK,0.0,0.0,0.0,0.0
2024-02-24,09:32:08,440500970.0,126.62315,35.9784,69.3,0.0,AVILA,BULK,15.0,14.0,3.0,6.0
2024-02-24,09:32:04,440501540.0,126.1108876119906,35.689413883880064,280.3,4.8868,OCEAN DRAGON,CONTAINER,0.0,0.0,0.0,0.0
2024-02-24,09:32:08,440502140.0,126.70086275909472,35.992222684584284,348.4,0.05144,RO PRINCESS,RORO,0.0,0.0,0.0,0.0
2024-02-24,09:32:08,440502370.0,126.70089833,35.99201667,308.4,0.0,KARAN,TANKER,0.0,0.0,0.0,0.0
2024-02-24,09:32:20,440502450.0,126.844885,36.955005,140.2,0.0,MASAL,TANKER,16.0,20.0,4.0,5.0
2024-02-24,09:32:08,440502600.0,126.62392850055716,35.97728882454352,15.1,0.05144,HAI YUE 166,TUG,0.0,0.0,0.0,0.0
2024-02-24,09:32:07,440502850.0,126.35765204028257,35.95934530192946,100.6,7.8703199999999995,STOLT PRIDE,CHEMICAL_TANKER,0.0,0.0,0.0,0.0
2024-02-24,09:32:21,440503100.0,126.39913333,37.03708333,186.0,0.0,ONE MODERN,CONTAINER,97.0,21.0,5.0,14.0
2024-02-24,09:32:06,440503550.0,126.16640039844937,35.84418805439463,44.3,4.26952,HUA DONG 88,ETC,0.0,0.0,0.0,0.0
2024-02-24,09:32:21,440503580.0,126.42061,37.01554167,0.0,0.0,YONGCHANGCHANGHANG,TANKER,0.0,0.0,0.0,0.0
2024-02-24,09:32:09,440503980.0,126.33229358177245,36.0734519229968,137.5,4.21808,BERGE DHAULAGIRI,BULK,0.0,0.0,0.0,0.0
2024-02-24,09:32:03,440504120.0,126.46001036100085,35.62245148171758,47.6,4.423839999999999,BAO HONG 10,CARGO,0.0,0.0,0.0,0.0
2024-02-24,09:32:07,440504170.0,125.81067638144839,35.92909855161598,60.1,1.64608,TONG YEA NO.3,PRODUCT_TANKER,0.0,0.0,0.0,0.0
2024-02-24,09:32:21,440504300.0,126.09618487388835,37.06297553980038,204.8,6.84152,HUA DA,TUG,91.0,21.0,5.0,14.0
2024-02-24,09:32:07,440504330.0,126.53237751606768,35.93660552487097,20.0,0.05144,SHI YUAN,PCC,0.0,0.0,0.0,0.0
2024-02-24,09:32:23,440504560.0,126.20987644624098,37.158612912402035,185.0,0.10288,HERCULES LEADER,PCC,0.0,0.0,0.0,0.0
2024-02-24,09:32:08,440504600.0,126.62379667,35.978325,352.7,0.0,MATSON MAUI,CONTAINER,0.0,0.0,0.0,0.0
2024-02-24,09:32:08,440504800.0,126.62313333,35.97831667,167.3,0.0,YUAN AN HU,PRODUCT_TANKER,18.0,23.0,7.0,5.0
2024-02-24,09:32:08,440504860.0,126.62287833,35.97809667,290.0,0.0,ATLANTIC MUSE,CHEMICAL_TANKER,10.0,22.0,4.0,5.0
2024-02-24,09:32:11,440504910.0,126.33102104219674,36.22693064904831,287.8,0.8744799999999999,KUN PENG,CHEMICAL_TANKER,0.0,0.0,0.0,0.0
2024-02-24,09:32:07,440505720.0,126.38445401348858,35.91248160218443,177.5,2.41768,PNX CONQUEROR,LPG,0.0,0.0,0.0,0.0
2024-02-24,09:32:09,440505770.0,125.83502162212747,36.068666355543044,94.0,1.85184,HAI ZHI RUN 17,PRODUCT_TANKER,0.0,0.0,0.0,0.0
2024-02-24,09:32:08,440505980.0,126.62240167,35.97825167,152.0,0.0,PACIFIC LOYALTY,TANKER,0.0,0.0,0.0,0.0
2024-02-24,09:32:11,440507120.0,126.31190263870108,36.235924961071326,195.5,0.46296,XING NING 75,BULK,0.0,0.0,0.0,0.0
2024-02-24,09:32:07,440507170.0,126.53162901423124,35.934513944364625,137.5,0.05144,KUN PENG,CHEMICAL_TANKER,0.0,0.0,0.0,0.0
2024-02-24,09:32:08,440507180.0,126.19072464439158,35.98556907568339,343.3,1.0288,EBBA MAERSK,CONTAINER,0.0,0.0,0.0,0.0
2024-02-24,09:32:08,440510250.0,126.68838333,36.00654333,335.7,0.0,CHANG HANG FEI CUI,PRODUCT_TANKER,0.0,0.0,0.0,0.0
2024-02-24,09:32:08,440510770.0,126.65848167,35.99158833,241.5,0.0,JIN HAI ZHENG,BULK,0.0,0.0,0.0,0.0
2024-02-24,09:32:06,440510790.0,125.51408017207515,35.89062625391849,184.7,3.75512,CHINACOASTGUARD2502,ETC,0.0,0.0,0.0,0.0
2024-02-24,09:32:26,440525000.0,126.56070051928553,37.40888316778891,212.0,6.995839999999999,CHINA ENERGY,BULK,97.0,32.0,10.0,10.0
2024-02-24,09:32:22,440564000.0,126.40643333,37.04108333,340.0,0.0,CLIPPER HONG KONG,BULK,82.0,15.0,8.0,9.0
2024-02-24,09:32:08,440700310.0,126.18515771533642,35.97972749963732,307.0,4.78392,WAKATAKE MARU,ETC,0.0,0.0,0.0,0.0
2024-02-24,09:32:20,440715600.0,126.85688333,36.94116667,78.7,0.0,YI CHEN 68,ETC,8.0,13.0,5.0,9.0
2024-02-24,09:32:21,440800498.0,126.81941347160337,36.99050693425739,127.4,0.20576,FPMC S AMBER,CHEMICAL_TANKER,0.0,0.0,0.0,0.0
2024-02-24,09:32:08,440843000.0,126.566805,35.975815,282.4,0.0,NAN FENG ZHI XING,ETC,25.0,71.0,3.0,12.0
2024-02-24,09:32:21,441103000.0,126.40525980584542,37.03616164182216,140.0,0.05144,YM MATURITY,CONTAINER,73.0,24.0,4.0,12.0
2024-02-24,09:32:21,441198000.0,126.13669372141624,36.998139456660475,72.4,6.43,MOUNT GOWER,BULK,90.0,32.0,11.0,8.0
2024-02-24,09:32:21,441200000.0,126.82547,36.98099167,140.0,0.0,OOCL GENOA,CONTAINER,35.0,164.0,8.0,24.0
2024-02-24,09:32:20,441217000.0,126.85562372598187,36.942158303285865,358.3,0.05144,YUSHO MERMAID 2,CARGO,15.0,26.0,6.0,6.0
2024-02-24,09:32:25,441283000.0,126.629905,37.341655,131.2,0.0,YUN DING 22,CHEMICAL_TANKER,112.0,29.0,18.0,7.0
2024-02-24,09:32:21,441347000.0,126.72877725670993,36.9896276299264,295.1,0.05144,XING LONG ZHOU  998,TANKER,87.0,23.0,6.0,11.0
2024-02-24,09:32:21,441361000.0,126.34336004066775,37.0080133879145,158.0,0.05144,HENG HUI YONG SHENG,CHEMICAL_TANKER,90.0,21.0,8.0,10.0
2024-02-24,09:32:25,441587000.0,126.41403820680063,37.32344421586826,169.0,0.15431999999999998,EVER SALUTE,CONTAINER,94.0,18.0,9.0,9.0
2024-02-24,09:32:21,441601000.0,126.40001,37.02033,52.3,0.0,BULAN,BULK,107.0,21.0,10.0,10.0
2024-02-24,09:32:17,441663000.0,126.13284167,36.674425,0.0,0.0,OSG BOSSTEC,CONTAINER,0.0,0.0,0.0,0.0
2024-02-24,09:32:22,441674000.0,126.51054,37.06504333,0.0,0.0,NEW BLISS,BULK,195.0,30.0,16.0,16.0
2024-02-24,09:32:08,441735000.0,126.566445,35.97621667,278.5,0.0,EVER FORTUNE,CARGO,0.0,0.0,0.0,0.0
2024-02-24,09:32:12,441755000.0,126.34537863949683,36.2958596311107,329.3,2.10904,GLORY VOYAGER,CARGO,8.0,30.0,5.0,5.0
2024-02-24,09:32:21,441765000.0,126.72339167,36.99107333,106.9,0.0,SONGA BREEZE,CHEMICAL_TANKER,67.0,14.0,6.0,7.0
2024-02-24,09:32:17,441810000.0,126.20083619808084,36.67912276093906,250.7,0.05144,HAIFENG 618,CARGO,10.0,12.0,3.0,3.0
2024-02-24,09:32:21,441890000.0,126.31495014743953,37.02817648660405,0.0,0.05144,CSC RISINGSUN,PRODUCT_TANKER,83.0,23.0,9.0,8.0
2024-02-24,09:32:21,441967000.0,126.35673333,37.022725,0.0,0.0,WAN HAI 622,CONTAINER,71.0,21.0,12.0,3.0
2024-02-24,09:32:22,441969000.0,126.50286756758653,37.06773424164187,135.0,0.05144,COSCO PLANET,CONTAINER,252.0,37.0,25.0,20.0
2024-02-24,09:32:22,441984000.0,126.30398480755301,37.068993403553264,55.3,5.81272,DING HENG 3,CHEMICAL_TANKER,92.0,23.0,9.0,9.0
2024-02-24,09:32:20,477097100.0,126.84670667,36.95044667,32.5,0.0,KMTC DUBAI,CONTAINER,95.0,22.0,10.0,10.0
2024-02-24,09:32:22,477143800.0,126.31436767680317,37.07530747373694,235.0,7.304479999999999,GLORIOUS SAKURA,ETC,96.0,21.0,13.0,7.0
2024-02-24,09:32:21,477217100.0,126.13811667,37.01743333,184.0,0.0,PYXIS KARTERIA,PRODUCT_TANKER,75.0,23.0,4.0,12.0
2024-02-24,09:32:21,477454300.0,126.72473167,36.990855,122.3,0.0,OCEAN LORD,BULK,158.0,27.0,7.0,21.0
2024-02-24,09:32:18,477548900.0,125.36724330287714,36.78038582644146,263.6,5.967039999999999,WAN HAI 277,CONTAINER,130.0,42.0,14.0,14.0
2024-02-24,09:32:21,477833200.0,126.75863333,36.98430167,83.5,0.0,CSBC NO.12,TUG,171.0,29.0,19.0,13.0
2024-02-24,09:32:25,477858900.0,126.403735,37.32260833,194.2,0.0,ZHE NENG 2,BULK,147.0,33.0,19.0,13.0
2024-02-24,09:32:21,538003357.0,126.78254833,36.99845833,186.1,0.0,DD VIGILANT,BULK,290.0,55.0,35.0,19.0
2024-02-24,09:32:22,538004739.0,126.20556833,37.07118,187.3,0.0,XING TONG 16,CHEMICAL_TANKER,161.0,29.0,8.0,24.0
2024-02-24,09:32:22,538005907.0,126.2202120467824,37.06404197807392,177.4,0.30863999999999997,JIAN YANG HONG,BULK,142.0,30.0,15.0,18.0
2024-02-24,09:32:22,538006065.0,126.19683167,37.04845667,153.9,0.0,MARAN EXPLORER,BULK,200.0,29.0,13.0,20.0
2024-02-24,09:32:21,538007229.0,126.71238167,36.99599667,140.2,0.0,YUAN AN HU,PRODUCT_TANKER,257.0,43.0,21.0,29.0
2024-02-24,09:32:08,538007542.0,126.08470667,36.04612167,192.1,0.0,HESTIA LEADER,PCC,194.0,35.0,14.0,24.0
2024-02-24,09:32:08,538008129.0,126.10771956724595,36.027814176829125,159.1,0.05144,CSBC NO.12,TUG,249.0,43.0,14.0,31.0
2024-02-24,09:32:09,538008450.0,125.51642335293498,36.110775161947544,280.0,0.46296,CHANG AN ZHOU,PRODUCT_TANKER,194.0,31.0,16.0,16.0
2024-02-24,09:32:12,538008854.0,126.44409781014039,36.280131256832206,224.9,0.05144,NAN YU 7,LPG,128.0,25.0,22.0,8.0
2024-02-24,09:32:12,538008862.0,126.45282,36.29349833,144.0,0.0,HE FU,BULK,128.0,25.0,22.0,8.0
2024-02-24,09:32:21,538008984.0,126.17339167,37.03024333,116.3,0.0,WAN HAI 622,CONTAINER,169.0,30.0,11.0,21.0
2024-02-24,09:32:19,538008997.0,125.48350616853634,36.88792840891649,94.9,6.018479999999999,CAPE MERLIN,BULK,173.0,33.0,8.0,24.0
2024-02-24,09:32:24,538009150.0,126.42800482313997,37.23886001140977,156.1,0.05144,MSC MARINA,CONTAINER,190.0,35.0,13.0,20.0
2024-02-24,09:32:21,538009342.0,126.10768333,37.02455667,140.7,0.0,BAO YUE LING,BULK,256.0,36.0,30.0,15.0
2024-02-24,09:32:07,538009597.0,126.53187667,35.9741,166.8,0.0,BBC EDGE,CARGO,197.0,28.0,20.0,12.0
2024-02-24,09:32:24,538009702.0,126.4278295822342,37.24233831619585,128.7,0.05144,HUA DONG YUAN 2,ETC,249.0,43.0,28.0,17.0
2024-02-24,09:32:22,538009948.0,126.22551,37.08282,322.0,0.0,NORTHERN MONUMENT,CONTAINER,172.0,28.0,19.0,13.0
2024-02-24,09:32:13,538010155.0,125.34035,36.38132,206.6,0.0,UNION GLORY,CARGO,193.0,32.0,20.0,12.0
2024-02-24,09:32:21,538010393.0,126.76715833,36.98147167,161.5,0.0,SHUN YUAN 18,LPG,154.0,28.0,11.0,19.0
2024-02-24,09:32:07,538010680.0,126.32816258643925,35.95736327623395,265.6,5.81272,GJERTRUD MAERSK,CONTAINER,150.0,28.0,20.0,10.0
2024-02-24,09:32:24,538010693.0,126.2221654789969,37.23596615167924,208.3,9.31064,MARAN EXPLORER,BULK,145.0,41.0,24.0,11.0
2024-02-24,09:32:21,563108600.0,126.32791833,37.00304167,109.7,0.0,DUNE,TANKER,148.0,35.0,11.0,24.0
2024-02-24,09:32:06,563179200.0,125.30423984366887,35.81564018534587,211.3,6.53288,RUN JIU 8,CHEMICAL_TANKER,208.0,42.0,15.0,29.0
2024-02-24,09:32:20,563200400.0,126.83937333,36.96155,118.2,0.0,NORTHERN MONUMENT,CONTAINER,180.0,20.0,14.0,17.0
2024-02-24,09:32:21,563689000.0,126.79206333979744,36.99381025348628,143.1,0.05144,HAI YUE 167,TUG,189.0,41.0,23.0,14.0
2024-02-24,09:32:26,564079000.0,126.52257698962296,37.34864476673869,211.0,7.92176,DA CHI,PRODUCT_TANKER,17.0,120.0,11.0,11.0
2024-02-24,09:32:07,565063000.0,126.47346943098778,35.96125183413209,253.5,5.401199999999999,POLARIS,CHEMICAL_TANKER,80.0,18.0,10.0,9.0
2024-02-24,09:32:10,567274000.0,125.83329315775234,36.13156193587013,171.0,6.37856,SM EMERALD,BULK,160.0,30.0,15.0,17.0
2024-02-24,09:32:22,613904000.0,125.48213059030515,37.05881127654726,340.8,0.05144,HUA LE 8,CARGO,56.0,20.0,8.0,4.0
2024-02-24,09:32:22,636015034.0,126.149165,37.05266833,149.2,0.0,SEATTLE,BULK,194.0,31.0,13.0,19.0
2024-02-24,09:32:25,636015481.0,126.63357059606034,37.341416906096796,102.2,0.05144,IOLI,BULK,130.0,42.0,20.0,7.0
2024-02-24,09:32:21,636016112.0,126.33925167,37.00581667,342.9,0.0,KAN TAN 226,TUG,100.0,15.0,6.0,10.0
2024-02-24,09:32:21,636016351.0,126.14739667,37.03100333,60.1,0.0,JAG ALAIA,BULK,257.0,43.0,29.0,21.0
2024-02-24,09:32:21,636016824.0,126.43159167,37.01377167,246.4,0.0,SCF IRTYSH,CHEMICAL_TANKER,165.0,25.0,21.0,11.0
2024-02-24,09:32:21,636017768.0,126.42911373423914,37.014548575589565,134.5,0.05144,IOLI,BULK,131.0,41.0,6.0,21.0
2024-02-24,09:32:21,636020587.0,126.70863936465462,36.997974830241056,146.0,0.05144,JIAN XIANG,BULK,260.0,29.0,25.0,20.0
2024-02-24,09:32:21,636020697.0,126.76570667,36.981895,118.2,0.0,DEHANG,CHEMICAL_TANKER,185.0,15.0,15.0,17.0
2024-02-24,09:32:22,636020879.0,126.18433784081222,37.043056164772,4.6,0.05144,FENG HAI 30,CHEMICAL_TANKER,156.0,27.0,21.0,11.0
2024-02-24,09:32:24,636020997.0,126.42792667,37.24663167,359.0,0.0,NAN FENG ZHI XING,ETC,261.0,31.0,23.0,23.0
2024-02-24,09:32:21,636021037.0,126.33982833,37.00696833,132.5,0.0,SM GOSEONG,BULK,182.0,43.0,18.0,18.0
2024-02-24,09:32:08,636021148.0,126.58833333,35.97666667,130.0,0.0,JIN ZHAO 11,CARGO,169.0,31.0,10.0,22.0
2024-02-24,09:32:22,636021775.0,126.36782222606078,37.04276169316852,347.5,0.15431999999999998,HONG HENG 168,PRODUCT_TANKER,93.0,17.0,3.0,14.0
2024-02-24,09:32:21,636021861.0,126.2641226243993,36.99296920761661,292.4,0.05144,FLAG FILIA,BULK,278.0,55.0,34.0,26.0
2024-02-24,09:32:25,636022827.0,126.2581590270701,37.28343509214064,211.3,3.3950399999999994,EVER SALUTE,CONTAINER,274.0,56.0,27.0,33.0
2024-02-24,09:32:18,636023466.0,125.46767293420527,36.78783655256088,270.1,4.423839999999999,LAKE DESPINA,BULK,262.0,38.0,19.0,31.0
2024-02-24,09:32:21,636023470.0,126.71524833,36.99465333,313.1,0.0,AMINA,BULK,196.0,33.0,24.0,12.0
2024-02-24,09:32:06,636023755.0,125.76676911627386,35.86517900405544,328.2,6.43,ALBANY PIONEER,ETC,105.0,21.0,6.0,15.0
2024-02-24,09:32:23,667001857.0,126.48415094158429,37.15315450971934,286.7,0.05144,XIN MING ZHOU 98,CONTAINER,77.0,10.0,6.0,7.0
2024-02-24,09:32:22,667001995.0,125.54314,37.09242333,181.1,0.0,ZHONG LIANG HONG JIA,CARGO,59.0,12.0,6.0,6.0
2024-02-24,09:32:06,667003019.0,126.08572243934675,35.86376314153364,235.9,4.989679999999999,TRUONGMINHPROSPERITY,BULK,68.0,19.0,7.0,6.0
2024-02-24,09:32:23,667003311.0,126.47163814695087,37.15234627152463,252.3,0.05144,MSC LAUSANNE VI,CONTAINER,101.0,21.0,6.0,12.0
2024-02-24,09:32:07,671095100.0,126.61813774951248,35.97324573843227,25.5,0.05144,GOLDEN DUKE,BULK,72.0,15.0,12.0,1.0
2024-02-24,09:32:07,671251100.0,126.45270717627803,35.939324461119185,139.2,0.10288,SM EMERALD,BULK,66.0,16.0,7.0,6.0
2024-02-24,09:32:21,671338100.0,126.74895057231099,36.98750119212231,297.3,4.732479999999999,JING SHUN,BULK,83.0,21.0,7.0,8.0
2024-02-24,09:32:23,677069100.0,125.45773856032704,37.11358517719042,191.3,0.2572,DA CHI,PRODUCT_TANKER,52.0,15.0,5.0,7.0
